PEG;IT
RAN;IT
RMI;IT
TRN;IT
VCE;IT
BGO;NO
OSL;NO
SOG;NO
SVG;NO
TRD;NO
XVK;NO
XXL;NO
STO;SE
BSL;CH
GVA;CH
INT;CH
LAU;CH
LUG;CH
SMZ;CH
ZRH;CH
ZMT;CH
HEL;FI
KAO;FI
RVN;FI
TMP;FI
XGQ;FI
BOS;US
MIA;US
PHL;US
ORK;IE
DUB;IE
GWY;IE
WAT;IE
FEZ;MA
RAK;MA
RBA;MA
ABZ;UK
CBG;UK
EDI;UK
GLA;UK
INV;UK
LON;UK
NCL;UK
SUA;UK
QQY;UK
ASW;EG
HRG;EG
SSH;EG
SKV;BR
BTS;SK
BUD;HU
MCM;MC
LED;RU
MOW;RU
AQJ;JO
DXB;AE
BAD;AT
BAG;AT
BRS;BE
FUS;DE
ZAD;HR
PIT;US
PSM;UK
DES;US
DEM;US
FOH;US
SGU;US
SLC;US
NOF;US
SIO;US
TLL;EE
UST;US
ZAK;PL
GOA;IT
NRV;GU
ULN;MN
BEG;IT
MOT;IT
PAM;IT
SAN;IT
ROE;IT
STE;IT
GEI;NO
BAL;NO
CHL;UK
MAC;UK
WIN;UK
AUI;US
NOG;US
DER;UK
KIL;IE
CAA;MA
GIZ;EG
PET;JO
ESC;MX
LYS;FR
ENC;FR
RHE;FR
TUF;FR
HAG;NL
RTM;NL
BSH;UK
NYC;US
KAP;AT
KSD;SE
ZHB;CH
CMR;FR
LIL;FR
KSF;DE
NIM;NE
ABB;IT
BSC;IT
FRR;IT
TRV;IT
ZJP;CH
GUA;MX
MAZ;MX
OAX;MX
QUE;MX
VIA;MX
IXT;MX
BOU;UK
BRI;UK
BRD;UK
CWL;UK
EXE;UK
GRA;UK
LBA;UK
NOT;UK
BEA;EG
TAB;EG
HUA;MX
ANK;TR
IZM;TR
LUZ;ES
LUS;ES
ADN;TR
LA;CY
KIT;AT
KLU;AT
VIL;AT
OST;BE
LEU;BE
ABS;EG
MSM;FR
LUE;DE
BAR;IT
DAM;IT
ERH;MA
OUA;MA
VAD;LI
GDN;PL
KAT;PL
POZ;PL
ARN;SE
AMB;UK
LDY;UK
TOE;TN
VNO;LT
AMA;US
PVA;IT
ATL;US
ACY;US
BFL;US
BCE;US
MRY;US
CLT;US
ORD;US
COI;US
COD;US
DAB;US
DTH;US
YSP;US
FMY;US
FAT;US
GLS;US
CHN;US
FTW;US
GMV;US
MYR;US
GKT;US
HEZ;US
PBI;US
PSP;US
PDX;US
RAP;US
RNO;US
SAA;US
SAD;US
SFO;US
STF;US
SAV;US
ZSY;US
SEA;US
TVL;US
GEG;US
HNS;US
TLH;US
TUS;US
AND;AD
ODB;ES
GRX;ES
ALC;ES
LLM;ES
LMN;ES
LIS;PT
BEN;ES
SAL;ES
PMI;ES
IBZ;ES
TFS;ES
LPA;ES
BCN;ES
SVQ;ES
MAD;ES
AGP;ES
LEI;ES
FUE;ES
ACE;ES
VLC;ES
POP;DO
SJO;CR
CRS;ES
GUJ;ES
CAD;ES
JEN;ES
TOL;ES
BJV;TR
IST;TR
ADB;TR
DLM;TR
LOG;ES
SLM;ES
BRG;ES
VLL;ES
AVA;ES
SEG;ES
LEO;ES
MJV;ES
EAS;ES
BAY;DO
PCM;MX
PAV;MX
JCO;CR
TMU;CR
PNA;ES
ZAZ;ES
VGO;ES
BIO;ES
BJZ;ES
PVI;CR
OVD;ES
ARE;CR
ORE;ES
PAL;ES
CRE;ES
LGO;ES
PIR;ES
SOR;ES
ZAG;HR
MT;CA
HUS;ES
TER;ES
LER;ES
CCA;ES
ABC;ES
CEU;ES
MLN;ES
CY;CY
ATE;GR
CAZ;ES
CVA;ES
MDF;MX
AG;CY
PR;CY
MA;CA
SPE;IT
SAM;DO
CTR;ES
ROM;DO
ACA;MX
CAM;MX
GUO;MX
CAB;MX
MER;MX
MON;MX
PLQ;MX
PUE;MX
WA;UK
VER;MX
MLA;MT
MNT;CR
NOR;PT
CEN;PT
SUL;PT
ATH;GR
VDE;ES
GRZ;AT
SOF;BG
LNZ;AT
SZG;AT
VIE;AT
ANR;BE
XBV;FR
BRU;BE
LGG;BE
QNM;BE
CPH;DK
LBI;FR
QAM;FR
AVN;FR
BOD;FR
BES;FR
CAN;FR
CCF;FR
DIJ;FR
LDE;FR
MPL;FR
NCE;FR
FNI;FR
PAR;FR
URO;FR
SXB;FR
AGB;DE
ZCC;DE
BRE;DE
CGN;DE
DUS;DE
FRA;DE
HAM;DE
HAJ;DE
CVJ;MX
HEI;DE
MUC;DE
NUE;DE
STR;DE
WIE;DE
DRS;DE
LEJ;DE
ZMG;DE
AMS;NL
EIN;NL
MST;NL
ASS;IT
BLQ;IT
QCM;IT
LCV;IT
DBV;HR
LRH;FR
NAP;IT
SAY;IT
VRN;IT
VIC;IT
QMZ;DE
SOP;US
REK;IS
JHE;SE
POL;CY
CLA;IE
KER;IE
BAI;ID
UIP;FR
BIC;UK
BWN;BN
MTL;AT
VAE;IT
ULL;UK
BVT;IT
LOM;ID
LDS;FR
HTY;TR
HOC;VN
QUA;VN
DUI;DE
SIE;DE
AUH;AE
AAI;AE
EPE;NL
MGT;UK
WOL;DE
SAB;DE
TA;UK
ST;UK
SFF;UK
SEV;UK
RAY;UK
NE;UK
LI;UK
CRY;US
PEB;US
DUC;US
STW;US
LAN;US
POM;US
SHV;US
LAK;US
MAA;US
LAE;US
CHI;US
WIS;US
KNO;US
JEF;US
ROK;US
GAL;US
GRD;US
FOL;UK
NSV;US
NHF;UK
PMN;CY
MCO;US
MPM;ZA
MUJ;MX
WAL;UK
POO;BR
FLO;BR
NAT;BR
SON;US
ISR;IL
PRV;US
PAA;BR
CRU;US
HHK;HK
CUI;BR
ATZ;AT
LG;IT
FRE;DK
ANG;FR
MAE;UK
BLO;FR
BYR;DE
SWI;UK
DOR;DE
KAR;DE
CTL;FR
PAS;DE
REG;DE
TRI;DE
FAS;IT
DUK;UK
PRT;IT
GLO;NO
TIX;US
DBY;UK
ETR;UK
IPS;UK
PLY;UK
SLO;UK
STH;UK
BEZ;BE
CRZ;HR
MH1;TN
MIR;TN
FIZ;FI
SK1;TN
SO1;TN
CAG;CU
HAV;CU
VRA;CU
ESS;MA
HEX;UK
CZZ;CZ
DKZ;DK
TOR;PL
NEW;UK
EEZ;EE
FRZ;FR
SPU;HR
PUY;HR
LIE;AT
ANH;BE
YAN;MM
WTL;BE
BNO;CZ
CES;CZ
AAL;DK
HEN;DK
ESP;FI
JYV;FI
HON;US
EFU;DE
KON;DE
LGP;LA
VTA;LA
SEN;IT
CSZ;IT
REN;FR
LJU;SI
BIQ;FR
GAE;US
JAV;ID
RLG;DE
DLI;VN
HUL;UK
SNO;UK
000;ES
CG;CA
HUI;VN
PEL;GR
CNG;GR
AEG;GR
THS;GR
REU;ES
MEA;US
NVS;RS
QWP;US
BIR;US
NIC;CY
ESB;DK
KOD;DK
RIN;DK
NIJ;NL
MAM;FI
KUO;FI
ORI;FI
NEB;UK
SVX;RU
HAA;NO
KRS;NO
KUC;MY
OMA;US
TIR;IN
ILH;PT
PVW;US
SSG;GQ
MIG;MX
BAW;US
BLY;US
CAX;US
CMA;US
JAK;US
LAC;US
TWE;US
WIL;US
ONT;US
MKS;GR
SKI;GR
ARO;GR
NAX;GR
CFU;GR
SAT;GR
ZTE;GR
IOS;GR
JED;SA
RUH;SA
DEL;IN
AGR;IN
GBE;BW
ROP;US
BEH;US
MNA;BR
JUI;BR
BEI;BR
BON;BK
MRG;BR
SJS;BR
BLU;BR
CIA;BR
OLI;BR
AGO;BR
LUI;BR
TEE;BR
BLN;BR
BRQ;BR
CRN;UK
JON;SE
SUD;SE
UME;SE
LIK;SE
KAM;SE
GAV;SE
VAS;SE
VAX;SE
FAL;SE
HLA;SE
NHA;VN
FJR;AE
BUH;RO
TSR;RO
CND;RO
TCE;RO
SBZ;RO
BRA;RO
CGM;TH
BFS;UK
EMA;UK
BEJ;CN
FET;TR
ALB;UK
ALK;TR
KEM;TR
CGR;TH
KRB;TH
SMI;TH
MIW;US
YUM;US
REI;US
SHA;US
PLM;US
CTU;CN
HET;CN
HKG;HK
HGH;CN
HFE;CN
TNA;CN
MFM;MO
PVG;CN
QNG;CN
WUH;CN
SHE;CN
SZX;CN
SZV;CN
XMN;CN
CGO;CN
VIS;US
LKT;US
PER;AU
HWB;US
RAM;IN
PHF;US
YKM;US
WYS;US
GNG;NL
HOU;US
ISZ;IS
IRV;US
JAN;US
JES;US
ITZ;IT
KAE;US
KAU;US
KAY;US
LVZ;LV
LTZ;LT
IGM;US
MZZ;MA
LFT;US
BRC;FR
LVS;US
NOZ;NO
LAG;US
LIH;US
PTZ;PT
MMH;US
ESZ;ES
SEZ;SE
CHZ;CH
UKZ;UK
MSP;US
CNY;US
USZ;US
MGM;US
BGZ;BG
PDV;BG
VAR;BG
PBB;BG
CYS;US
ROZ;RO
GRN;FR
DOZ;DO
HMM;TN
RNP;IT
ORN;UK
FNR;IT
ARR;UK
NSR;IT
SSR;IT
ADR;BR
BHZ;BR
SVD;BR
BZI;BR
FDI;BR
RCF;BR
RIO;BR
SAO;BR
SHT;UK
OVE;US
TLA;MX
TUL;US
CED;US
EGZ;EG
FOR;ES
WHS;CA
SAJ;US
ROC;US
KIN;US
RUT;US
WHI;US
SLP;MX
HHI;TH
CMB;LK
KDY;LK
MLV;LK
NWE;LK
HAT;UK
BUE;AR
BAS;UK
OKL;US
TEL;US
COE;UK
BCH;AR
CFE;AR
CRD;AR
SLT;AR
IGU;AR
EVA;US
PLA;CY
CA;FR
CAV;FR
QUI;FR
HAD;US
CHT;US
NAZ;FR
TRP;FR
HU;CA
TOU;FR
ARL;FR
AIX;FR
STG;CU
BET;UK
ABE;UK
OSE;DE
WAD;UK
WAN;UK
CIN;US
KIM;UK
BAT;US
AUG;US
BAO;US
LAS;SI
ROU;BG
AYS;UK
CLU;RO
TAR;RO
ALM;ES
AZZ;IT
LIV;IT
OBA;UK
LOC;UK
PIL;UK
AVI;UK
FOT;UK
MUL;UK
ULA;UK
GRE;UK
INE;UK
STS;ES
LTH;UK
ALE;NO
ALT;NO
KRI;NO
MOL;NO
SVO;NO
FVO;FR
ASC;UK
ASH;UK
BEF;UK
BKP;UK
CAR;UK
CHP;UK
FAR;UK
GLC;UK
KWC;UK
LIC;UK
PEE;UK
PBH;UK
STA;UK
STK;UK
WCH;UK
WID;UK
MEN;FR
AME;NL
CPT;ZA
PTO;ZA
WSO;SR
HUN;US
COG;US
SUT;UK
GOI;BR
LOD;BR
ROO;BR
UBE;BR
JAI;IN
BOM;IN
HJR;IN
UDA;IN
COK;IN
KZN;ZA
GDR;ZA
HHW;ZA
VNS;IN
DAI;IN
GAG;IN
BBI;IN
BLR;IN
CNN;IN
SXR;IN
OOT;IN
CCU;IN
LGK;MY
GRY;UK
WRR;NL
JAX;US
PPM;US
FER;UK
HER;NL
TAM;MX
LOR;MX
SLI;IE
AAC;DE
PAZ;MX
VAF;FR
CCR;HR
XAL;MX
MO;CA
CHM;DE
MDM;FR
SU;CA
SJ;CA
NIR;UK
POR;SI
FRG;CH
DAV;CH
POS;SI
TOP;SI
ESE;DE
ZMS;PL
KRM;AT
WAV;BE
MGA;US
OCA;US
BRT;US
GRR;US
VAL;US
LOB;US
ROI;US
BOE;US
CON;US
WIC;US
COC;US
RAL;US
NEO;US
ALX;US
VIR;US
WHT;US
ANC;US
DSS;DE
WER;DE
LIB;CR
CKK;US
MTN;US
ERS;NA
PTR;US
PWN;US
PIG;US
MCI;US
ZRD;US
BIL;US
COL;US
EPA;US
SHO;BG
VEJ;DK
SGD;DK
MOC;BR
ROD;DE
CLR;FR
LET;CO
POT;FR
MET;FR
NEV;FR
MES;ID
NEP;UK
SWA;UK
AOS;IT
MOD;IT
PIA;IT
SEI;IT
WOR;UK
BRF;UK
BAE;UK
ELL;UK
HIG;UK
MEC;BE
HAS;BE
FRL;IT
LLA;UK
CLW;UK
IOM;UK
PNR;ES
DEN;US
GCN;US
HHH;US
SIT;NL
SIK;FI
KOL;FI
CIR;CR
ALN;US
MAO;BR
BEC;DE
TOO;MX
VII;MX
JUA;MX
PMU;FR
SJU;PR
WAR;UK
GAT;UK
BOL;UK
LIT;IE
BEY;LB
VA;CA
OT;CA
NI;CA
QU;CA
DAN;US
MAB;US
MAR;US
DAK;MA
FRP;US
GAS;US
MOI;US
MOE;US
MOS;US
MVE;US
OTT;US
QIN;US
CTD;PA
NUM;BA
RFO;US
DXA;FR
DCM;FR
NBE;US
EHI;CN
HAY;US
GZY;CN
SPI;US
STU;US
OKE;US
PCO;US
STT;US
NAV;BR
JOA;BR
ARH;NL
GRM;BR
TAG;BR
VAG;BR
VLA;BR
SOB;BR
VIO;BR
GGH;CN
DOD;GR
SPO;GR
BKK;TH
CNX;TH
CEI;TH
PYX;TH
TH3;TH
TDX;TH
TH4;TH
HKT;TH
PHZ;TH
TH5;TH
USM;TH
HHQ;TH
TH2;TH
NAK;TH
VN1;VN
CXR;VN
VCA;VN
VTE;LA
REP;KH
KOS;KH
IPH;MY
DGO;MX
RDC;IT
BPE;MM
NOY;FR
TIA;AL
CEB;PH
SEL;KR
PUS;KR
JEL;PL
MRU;MU
BOG;CO
CTG;CO
CLO;CO
BAQ;CO
SMC;CO
MZL;CO
IBE;CO
AXM;CO
US1;US
THZ;TH
CUC;CO
KWL;CN
YIH;CN
NGB;CN
LCJ;PL
JJU;KR
CJJ;KR
IO1;UK
PHB;PH
CGY;PH
DVO;PH
GES;PH
PPG;PH
GIL;PK
BJL;GM
KSC;SK
KRJ;SI
SCH;DE
DAW;PA
CN6;CN
FRD;DK
IHC;MZ
NAE;DK
GTR;DK
LBY;DK
HOE;DK
KOG;DK
KRP;DK
NYF;DK
RNN;DK
SVE;DK
VOJ;DK
TED;DK
JOV;EE
KAS;DK
OTD;PA
BTO;PA
STP;US
CLE;US
NAL;US
FOM;US
CMG;CU
VCL;CU
CZA;CU
RMF;EG
PRW;PR
SAH;YE
KUA;MY
HMO;MX
SZC;PL
CZE;PL
HBA;AU
AE1;AE
AAN;AE
PPT;PF
RKT;AE
SLL;OM
KHS;OM
MED;SA
TIF;SA
ASP;AU
DAC;BD
KHI;PK
ISB;PK
MHD;IR
DA1;SY
KRT;SD
GRS;IT
BK1;BG
BK2;BG
NFC;FR
KYA;TR
CN3;CN
PRI;SC
LEG;US
PSK;SK
EXT;ES
IVA;FI
JNS;FI
KAJ;FI
LPP;FI
KTT;FI
SLD;US
LBJ;ID
CA1;PT
IHM;IT
BR2;FR
BL1;FR
BB1;FR
NZ2;NZ
BR3;FR
BR4;FR
BV1;FR
PCH;MX
KYT;GR
NNG;CN
TGR;US
RKS;US
GRF;US
CN7;CN
LPX;LV
CN8;CN
NCR;EG
CMV;NZ
AU8;AU
KNA;CL
VAP;CL
SCL;CL
MGG;GT
FRS;GT
KGC;AU
BSJ;AU
SFA;TN
ABY;US
BFT;US
OSR;SE
BOA;SE
SKE;SE
BLL;SE
VID;BG
BTB;ZW
BUQ;ZW
KAD;ZW
SIN;SG
COA;MX
SKM;RO
LHA;US
ARG;UK
CIS;UK
LIG;ZM
SW;SZ
LBT;HU
RYG;TH
TRA;TH
SUR;TH
PHG;TH
HRE;ZW
UTA;ZW
SHJ;AE
ROS;US
SYR;US
SMA;CU
CCO;CU
ARD;RO
CIE;CU
ZZZ;DE
RUZ;RU
LKZ;LK
AEZ;AE
JOZ;JO
CNZ;CN
HKZ;HK
AUT;AU
QC;CA
NOV;CA
TGG;MY
BC;CA
AB;CA
MB;CA
STM;US
WEI;DE
KSS;GR
MCB;VE
IMA;VE
VIK;US
MKZ;MY
BKI;MY
KCH;MY
AMI;ID
BTH;ID
BIN;ID
MPT;MZ
BOI;US
LGE;FR
FNB;DE
XBR;CA
YCB;CA
YHG;CA
YGK;CA
YQM;CA
YYB;CA
YSB;CA
YSU;CA
YOO;CA
YQG;CA
DRU;CA
WDS;CA
PFR;FR
FR2;FR
AXN;US
KE;CA
OW;CA
BP;CA
BI;CA
LE;CA
TR;CA
AU;CA
GU;CA
FR1;FR
SR;CA
KL;CA
NA;CA
LT;CA
MHU;EG
SYD;AU
CBR;AU
EVI;FR
CIP;MX
WLG;NZ
RO1;NZ
MNL;PH
ABR;IT
PEK;CN
LK1;LK
TT1;MA
MA1;MA
CN2;CN
ELS;ZA
HDS;ZA
MGH;ZA
PHW;ZA
PTG;ZA
AFD;ZA
UTT;ZA
PRL;ZA
RNB;ZA
WBK;ZA
KMH;CN
BAC;PL
CN4;CN
PE1;RU
RU2;RU
DKR;SN
SLY;SN
SLU;SN
BZR;FR
SPR;BZ
AAT;BE
YNT;CN
DNG;IE
SA2;GR
HOF;IS
KET;IS
BAK;IS
TLK;IS
MRL;FR
FOI;IT
ALJ;IT
FEL;IT
KOT;FI
CRO;IT
KVL;FI
NIA;IT
BUO;IT
TEA;IT
BUS;IT
TIE;IT
CIT;IT
LIA;IT
CEF;IT
CLL;IT
CUE;IT
ORT;IT
SVL;FI
VAA;FI
CSS;IT
IOL;UK
BAM;RO
ANU;AG
AUA;AW
GND;GD
MCT;OM
MTH;IE
PEN;MY
SOI;FR
SDK;BG
VLG;BG
NRT;JP
KIX;JP
AJA;FR
ICN;KR
RU1;RU
BH1;BH
ADA;TR
BTZ;TR
TR1;TR
TR2;TR
IGL;TR
DLC;CN
NER;US
SKR;DK
AKU;IS
VRK;FI
MIS;IT
FIA;IT
MZ1;IT
SNS;IT
CIV;IT
GIA;IT
AZO;IT
RDA;IT
EDA;IT
OSS;IT
PMM;IT
RGG;IT
TRL;IT
CA7;US
OVA;IT
ETO;IT
SJY;FI
MCR;IT
JEO;IT
IVR;IT
PIO;IT
SUS;IT
IAN;IT
IIS;FI
HYV;FI
YYF;CA
OUD;MA
YMJ;CA
ALS;NO
ASK;NO
BDU;NO
BYS;NO
FUN;NO
FDK;NO
ZCP;CN
CSK;SN
RED;US
YXY;CA
YDA;CA
YZF;CA
XUZ;CN
AB1;FR
AB2;FR
AL1;FR
AX1;FR
AM1;FR
AN1;FR
AC1;FR
AT1;FR
AN3;FR
AR2;FR
MBA;KE
BAA;CU
MIK;UK
MLB;AU
BVA;FR
NZ1;NZ
WRE;NZ
LO1;FR
JM1;JM
TSB;NA
KMP;NA
PSD;EG
BDA;BM
CG1;GR
LG1;GR
TG1;GR
LOL;DK
TEC;US
KUB;BN
SPN;MP
TIQ;GU
HYD;IN
LJG;CN
MDQ;AR
CPC;AR
NQN;AR
MVD;UY
PTY;PA
CN5;CN
SY3;SY
IDL;SY
LTK;SY
SY2;SY
BEV;US
ERN;IT
AQL;IT
MTR;IT
SPZ;IT
CEC;IT
MNP;IT
MLC;IT
SRV;IT
PMT;IT
GOL;NO
BCS;DE
AS1;FR
AU2;FR
TSV;RO
AY1;FR
AU5;FR
AU6;FR
AV2;FR
BA1;FR
BSM;FR
BE1;FR
BE2;FR
BE3;FR
BE4;FR
YQL;CA
YMM;CA
YXH;CA
YXC;CA
YBR;CA
YCH;CA
YFC;CA
YQI;CA
YZR;CA
YTS;CA
YPA;CA
YRQ;CA
YZU;CA
YCW;CA
YYT;CA
YXK;CA
YUY;CA
YZV;CA
HAK;CN
PDR;CU
RUN;JM
MBJ;JM
NEG;JM
POA;JM
TRE;JM
TIN;TT
CCS;VE
MDL;MM
KLJ;LT
KUN;LT
SUC;RO
CJS;MX
RGN;MM
MM1;MM
CNS;AU
BNE;AU
MCY;AU
OOL;AU
DRW;AU
CHC;NZ
PID;BS
RPI;FR
FPO;BS
ASD;BS
HLK;GR
NLD;MX
FAI;US
KTM;NP
CN1;CN
MPH;PH
QKS;US
OK1;SE
NY1;SE
ES1;SE
THD;SE
SD1;SE
AV1;SE
VE1;NO
HA1;NO
RRS;NO
GJ1;NO
FDE;NO
ST1;NO
FRO;NO
VDB;NO
OP1;NO
BOO;NO
RO2;NO
EI1;NO
SK2;NO
BZE;BZ
SGH;US
AAO;BE
KOR;BE
EOI;BE
GEL;BE
ONS;BE
ZAV;BE
VRV;BE
MLL;IE
AML;PA
PSG;IT
LEC;IT
LAM;IT
LEB;LB
JIK;GR
YBC;CA
YBG;CA
YPD;CA
YXJ;CA
YPS;CA
YHD;CA
YKX;CA
YYU;CA
BZ1;FR
BO1;FR
FFA;US
LA2;US
MSN;US
RA1;FI
MO1;US
MGW;US
TP1;TP
CN9;CN
NQ1;AR
MO2;US
WNZ;CN
LXA;CN
URC;CN
DNH;CN
LZD;CN
ODS;UA
JUS;DE
YRV;CA
HA3;UK
HO1;UK
HO2;UK
IN1;IN
MO3;UK
RO3;UK
ST4;UK
GO1;UK
YQF;CA
OAK;US
SBA;US
UEL;DE
BBV;DE
SA4;CA
BGA;CO
PEI;CO
ADZ;CO
SKP;MK
OHD;MK
CBB;BO
VVI;BO
PKR;NP
BSB;BR
AU9;AU
KIJ;JP
CA2;BR
SDJ;JP
FUK;JP
KKJ;JP
NKM;JP
KMQ;JP
JP1;JP
JP3;JP
JP4;JP
JP5;JP
JP7;JP
JP8;JP
EV1;US
TU1;PF
MA3;PF
ULM;DE
FEU;DE
KR3;KR
STD;RE
TUE;TN
IDA;US
US2;US
ME2;US
ON1;US
PL2;US
SM1;US
MLX;TR
ESK;TR
MSA;TR
PRN;KV
BQT;BY
VTB;BY
GNA;BY
JUH;LB
CJM;TH
CW1;UK
DE1;UK
DE2;UK
DE3;UK
DR1;UK
DR2;UK
DU1;UK
DU2;UK
EA1;UK
EN1;UK
ENK;UK
ES3;UK
FE1;UK
GW1;UK
GW2;UK
HA2;UK
HE1;UK
HE2;UK
HI1;UK
KE1;UK
LA4;UK
MI1;UK
NO1;UK
NO2;UK
SC1;UK
ST3;UK
SU1;UK
SU2;UK
TR4;UK
WI2;UK
BZG;PL
SWJ;PL
RZE;PL
HDN;SE
VBY;SE
KSK;SE
PE3;UK
PDS;MX
TLV;IL
JRS;IL
DDS;IL
CRG;IL
GLE;IL
SRE;IL
CLM;US
BLT;DE
KRZ;CH
KWJ;KR
KR1;KR
KR2;KR
HSW;DE
ISM;PT
PKZ;LA
NLK;AU
SJZ;PT
KUF;RU
AER;RU
MMK;RU
GPS;EC
TSE;KZ
GYD;AZ
BTM;US
BIH;US
FDH;DE
VA1;US
LRR;DE
VUP;CO
ANF;CL
CCP;CL
IQQ;CL
OGD;US
SAP;HN
RTB;HN
LAD;AO
TXG;TW
SI1;CV
DO1;US
BTV;US
SGF;US
TXK;US
TCL;US
CNW;US
ILM;US
RSM;SM
FOC;CN
SIV;US
CRT;AT
LNK;US
TNN;TW
HRK;UA
WVN;DE
ZHA;CN
OTV;CZ
WH1;US
SUN;US
ZOS;CL
PNT;CL
PUX;CL
PUQ;CL
ZCO;CL
CU1;CL
HH1;CL
SOD;DE
ARI;CL
TBS;GE
EVN;AM
AB6;US
BKS;DE
BEK;UK
BNX;BA
PIH;US
NAA;FI
SUV;FJ
VI2;US
PGO;US
YXS;CA
RDZ;FR
MBX;SI
FRT;CL
EUG;US
AGF;FR
RN1;FR
CMX;US
KWE;CN
NTA;FJ
KR5;KR
BCT;US
CPV;US
PGD;US
CCB;US
GLB;US
JPT;US
KYL;US
EYW;US
MHH;US
LBV;US
LRG;US
COF;US
PMP;US
PTC;US
SFM;US
CTY;US
VCI;US
GCM;KY
SPB;VI
DNS;DE
MG1;NI
OZH;UA
OVB;RU
NY2;US
BDG;US
TRM;FR
CXO;US
XNA;US
CSG;US
GRB;US
ES2;US
FNT;US
TO2;US
ATI;GT
LWO;UA
NPL;NZ
HLZ;NZ
GMN;NZ
PNQ;IN
BMI;US
FHM;DE
RGE;DE
WSR;DE
RO4;UK
WEF;CN
LGN;PL
SU4;UK
LCH;US
WEH;CN
PH1;PH
XNJ;CN
SLE;US
LSB;RE
SGB;RE
TZX;TR
ERZ;TR
SFQ;TR
BTI;TR
AMW;US
IOW;US
CBF;US
DVN;US
DBQ;US
CO6;US
DI1;US
LI4;US
AN6;US
JA1;US
SC4;US
WA1;US
CO7;US
CO8;US
RI1;US
CO9;US
FD1;US
HGR;US
WA2;US
BC1;US
OEB;US
MI2;US
NO4;US
PP1;US
SI2;US
SH1;US
SA5;US
CA4;US
LS1;US
OF1;US
CA5;US
CH3;US
DU4;US
FA1;US
FR3;US
GC1;US
KE2;US
LA6;US
MA6;US
MA7;US
PE4;US
SI3;US
SP1;US
ZUH;CN
BOK;CA
BJY;RS
JNU;US
PPB;DE
OFF;DE
KMJ;JP
TIT;DE
DRH;DE
OIT;JP
HIJ;JP
CTS;JP
OKJ;JP
AHA;JP
PRC;US
SO3;US
MNS;DE
SEU;RE
DNK;UA
ID1;US
SWS;CH
BLM;US
AB5;US
AS2;US
BE9;US
BR9;US
BL5;US
BU3;US
CP2;US
CI1;US
ED2;US
FA2;US
FR5;US
FI2;US
FO2;US
TLB;CR
GC2;US
GR5;US
HA4;US
HF1;US
HP1;IN
KI1;US
LG3;US
MA8;US
ML1;US
NA1;US
NB1;US
PA2;US
PI1;US
PP2;US
RA2;US
SS1;US
SO4;US
SU6;US
TR6;US
WA5;US
WA6;US
WY2;US
WE2;US
WI4;US
AL5;US
AP1;US
CA6;US
DC1;US
DE6;US
EL1;US
BA9;US
AI1;US
LL2;US
LW1;US
LW2;US
MI4;US
NI1;US
OC1;US
PS1;US
MFE;US
LRD;US
LV1;US
NZ3;NZ
TEU;NZ
WAG;NZ
NSN;NZ
UK2;UK
UK3;UK
UK4;UK
UK5;UK
UK6;UK
UK9;UK
CL1;UK
CL3;UK
CL5;UK
CO1;UK
CO3;UK
CO4;UK
ZGT;DE
HE3;UK
SLS;DE
UDM;DE
MFT;PE
EAT;US
ALW;US
HUZ;CN
UKS;UA
KR4;KR
PLS;TC
AZ1;US
MOP;US
MKG;US
MBS;US
DLH;US
MKT;US
RST;US
IDP;US
OSB;US
BJJ;US
ZZV;US
DUA;US
LAW;US
MKO;US
OUN;US
SWO;US
ENS;MX
IDI;US
UKT;US
RDG;US
WSG;US
BMT;US
CDS;US
CS1;US
FST;US
GVT;US
ERV;US
ILE;US
LBB;US
LFK;US
MAF;US
PSN;US
SJT;US
TPL;US
TY1;US
VCT;US
WEA;US
SPS;US
MNZ;US
ATW;US
EAU;US
JVL;US
BPN;ID
DAE;TZ
MSQ;BY
XLS;SN
MHS;US
OTH;US
LWR;NL
LG2;US
AU0;AU
SNC;EC
BE7;US
PIF;TW
WIK;IE
IEA;GR
JMH;US
IJX;US
SL1;US
BMG;US
EKI;US
GFD;US
OKK;US
LA5;US
RID;US
HUF;US
CBK;US
EMP;US
HYS;US
HUT;US
LBL;US
MHK;US
PTS;US
SLN;US
BRY;US
BWG;US
EKX;US
SME;US
BTL;US
HLM;US
JXN;US
RHI;US
ISW;US
BKW;US
CRW;US
MB1;US
PKB;US
MA4;US
DXR;US
GFL;US
ITH;US
NZH;CN
MIV;US
SWF;US
PBG;US
AVO;US
CEW;US
SH4;US
US7;BO
CW2;CA
MDB;JO
BR0;UK
ASF;RU
TJM;RU
TWF;US
MTV;IT
CRM;IT
AMY;KZ
HO3;US
BI3;US
OA1;US
ASU;PY
AGT;PY
MSO;US
KHN;CN
TAS;UZ
DLU;CN
AF1;UK
LDF;AT
BWF;AT
GEN;AT
LNF;AT
LID;DE
YO1;UK
DY1;UK
AB3;UK
LO2;UK
GW3;UK
AL2;UK
IS2;UK
AN4;UK
AR3;UK
BA3;UK
BA4;UK
BA5;UK
BA6;UK
BA7;UK
BE6;UK
BI2;UK
BL2;UK
BR5;UK
BO2;UK
SC3;UK
SA3;UK
UDN;IT
BU1;UK
AN5;UK
CUZ;PE
GYE;EC
SDA;FI
DU3;UK
RFP;PF
JIU;CN
SRO;HU
OG1;US
OR1;US
SBS;US
AL4;US
AL3;US
BE8;US
BL4;US
CH4;US
CL7;US
CP1;US
DUJ;US
GR3;US
THV;US
BR7;US
DE4;US
GA1;US
GR4;US
NQI;US
LE1;US
GGG;US
MF1;US
ASL;US
MK1;US
ME1;US
OD1;US
OR3;US
PE5;US
EM1;US
HI3;US
LE2;US
SH2;US
SU5;US
WA4;US
REX;MX
KHH;TW
TW5;TW
INH;MZ
BLB;LB
BDC;MX
LE4;US
PQI;US
EK1;US
FR6;US
HUM;US
MLU;US
NT1;US
FRM;US
AX3;US
FAM;US
CL0;US
ANA;US
OCB;US
SNA;US
ORC;US
APC;US
MRA;US
ECH;NL
SML;CZ
SQS;BZ
PLJ;BZ
CZD;US
CGI;US
SR1;US
SJ1;US
BVX;US
CRX;US
GLH;US
WPT;US
GWO;US
MEI;US
MC1;US
CH6;US
ASB;US
OA7;US
FAY;US
HVL;US
MU1;US
PGB;US
RZZ;US
BFF;US
LBF;US
OFK;US
GFK;US
CVN;US
FMN;US
DMN;US
EKO;US
OLE;US
YO2;US
WT1;US
EL2;US
PDT;US
CSM;US
WWR;US
ATO;US
DFI;US
ST5;US
AB8;US
BKX;US
AIK;US
RKH;US
GR9;US
MEJ;US
SA7;US
UN1;US
WA7;US
BI4;US
CV2;US
TAF;DZ
AAE;DZ
AEE;US
QKW;JP
VOZ;RU
TRK;UA
EN2;US
LMS;US
LE5;US
DAL;US
ANT;US
TAL;US
EVV;US
BLV;US
PL3;US
DET;US
RON;US
FAE;US
BRL;US
CMS;US
PAD;US
CEH;FR
DKQ;FR
SOH;CH
MKA;CZ
PJB;US
ZI1;IN
IG1;IN
JAH;FR
MBR;SN
CN0;CN
AXA;AI
SBH;BL
LVK;US
JBS;US
WHV;US
LSC;CL
PH3;PH
SDP;FR
COO;BJ
ACC;GH
CKY;GN
ABJ;CI
KGL;RW
LFW;TG
IES;DE
RAU;FI
GA4;US
NHX;US
AN8;US
MVC;US
DCR;US
MCS;US
OPE;US
RUS;US
SRL;US
HMR;US
SL3;US
WSL;US
ADQ;US
SWD;US
TMB;US
SF1;US
CTW;US
EHB;US
EAG;US
HEB;US
PA3;US
BUL;US
GCY;US
APJ;US
BS2;US
DOU;US
ZGO;MA
OR2;MX
BDF;US
LK2;LK
IN0;IN
IN2;IN
IN3;IN
LKO;IN
IXC;IN
ATQ;IN
IN6;IN
JDH;IN
BKB;IN
IN8;IN
IN9;IN
1IN;IN
AMD;IN
RAJ;IN
BDQ;IN
2IN;IN
NAG;IN
BEL;BR
4IN;IN
5IN;IN
7IN;IN
MDS;BR
PDA;BR
EGR;HU
BNT;FR
MTO;CZ
KR6;KR
YNZ;CN
TOV;VG
QZD;HU
SZK;HU
GUW;KZ
MOG;BY
GME;BY
IFO;UA
MSR;PL
JPB;JP
FSZ;JP
LFG;CN
AHL;IE
LGI;FR
PSH;IE
ISP;IT
BSG;IT
CHV;IT
RND;IT
OFD;NL
UIT;NL
PUN;PE
ICA;PE
NAC;PE
CIX;PE
CJA;PE
WFE;US
NGT;US
AV3;US
BSP;US
CV3;US
DV1;US
UCE;US
FL3;US
GL1;US
GN1;US
GY1;US
HM2;US
KD1;US
LV3;US
MS2;US
MN4;US
SF2;US
VP1;US
WNF;US
BZB;MZ
BIA;MZ
IBO;MZ
TTT;TW
TW2;TW
TW3;TW
TW4;TW
BHA;LB
JP9;JP
PAX;GR
MQM;TR
RMZ;PL
OMO;BA
VIB;IT
RU4;RU
OMS;RU
SBK;FR
EWK;US
PI2;US
FR8;US
LX2;US
NE2;US
SP2;US
MO6;US
VLO;NL
CTE;FR
MCU;FR
RMN;US
DE7;US
ST9;US
CNF;US
BOF;US
NNF;US
CH7;US
ZIO;US
SHB;US
CVC;US
WNH;US
FRF;US
CBL;US
BB3;US
MHE;US
FRK;US
AL9;US
DNV;US
PR1;US
LW3;US
CTC;US
LU1;US
IBR;JP
QHU;DE
HNF;DE
HAH;DE
GIE;DE
ATB;DE
SJM;FR
OUI;FR
LVA;FR
CNO;FR
CME;FR
PEV;HU
LUN;ZM
OX2;US
SA8;US
NOW;US
BT2;US
MMU;US
MR4;US
RM1;US
PL4;US
WTW;US
CT4;US
EEN;US
CH5;US
GR6;NI
MNM;NI
TCO;CH
MTA;IT
LBR;CZ
KYE;LB
DY2;US
KI2;US
CU5;US
PHT;US
GCC;US
EVW;US
CPR;US
CWA;US
EGP;US
VJI;US
FA3;US
MR3;US
TLX;CL
VDJ;CH
NEU;CH
TW6;TW
SOZ;FR
GRI;US
JPX;JP
SCO;KZ
BHJ;SI
TZJ;CN
DGG;DE
DXT;US
VET;SE
RAS;SE
TBY;SE
SKA;SE
OXE;SE
AKE;SE
OAM;SE
ILZ;SK
NIT;SK
DRK;LT
SND;NO
SKJ;NO
SKT;AT
LKN;NO
KSV;NO
HNI;NO
EKS;US
ST7;US
HO4;US
MOV;US
WHE;US
MCG;US
MV1;US
MO7;US
DE5;US
CRI;US
ST8;US
CDO;IE
CS3;US
ELI;GH
BUR;US
ALL;US
ABD;US
COY;US
WI5;US
CAW;US
ES5;US
TUN;US
RIP;US
IDN;US
RIH;US
PNJ;US
CMT;US
AN7;US
YIX;CN
CVO;US
JP0;JP
SDB;FR
GRT;US
LMT;US
RGB;US
ELY;US
HPW;CA
TH6;TH
LOS;NG
ENU;NG
GYM;MX
CE2;MX
PPE;MX
CBU;DE
UFA;RU
TOG;RU
KDR;RU
WDD;NL
POI;BO
AQP;PE
STI;US
JPC;JP
JPF;JP
MRT;FR
TAI;KE
UAS;KE
ASV;KE
LAV;KE
LEK;KE
TNP;KE
MKN;KE
POD;DE
MIB;NL
SGA;CH
SSE;CH
ILL;FR
ROG;IT
OSJ;PL
CHF;US
PA4;US
APA;US
MD3;US
HZH;US
CT2;US
RES;RO
HDO;RO
HAL;NO
MLF;IE
CGL;HU
LOI;US
ZA1;US
YO3;US
EDG;US
EK2;US
LP1;US
WMI;US
GV2;US
TO3;US
HVH;US
FH1;US
PO2;US
GMM;US
REW;US
HUH;US
CAF;US
MOO;US
OAE;US
DEA;US
HCT;US
SNM;US
MLM;FR
NOS;MG
TLE;MG
STJ;VI
8IN;IN
9IN;IN
VTZ;IN
MYQ;IN
PUT;IN
PNY;IN
BP1;IN
KT1;IN
AZU;IN
AZX;IN
CDM;IN
AZY;IN
PZP;IN
PYP;IN
PQP;IN
AZQ;IN
CD1;IN
CD2;IN
DHN;US
PH2;US
GAD;US
GTL;US
CU3;US
SC6;US
JA2;US
OBH;US
GR1;US
ED3;US
FSM;US
CL9;US
HRO;US
PBF;US
SRC;US
WMH;US
CE1;US
RGD;US
FPY;US
CS2;US
FNL;US
AL7;US
MTJ;US
LJT;US
AM2;US
MD2;US
RG1;US
CD3;US
DGS;US
LGC;US
MGR;US
WRN;US
TBR;US
EOK;US
MUO;US
YOR;US
OFL;US
HLB;US
CST;US
EDN;US
CYN;US
FMT;US
GCT;US
KR7;US
HZD;US
CEY;US
OWB;US
AX2;US
TOA;MG
MPS;US
HOL;US
LPR;US
MKC;US
MTS;US
MQT;US
HBS;US
PRD;US
POU;US
WYV;US
IRY;US
SHD;US
EX1;US
CV4;US
LRY;US
LNP;US
FFX;US
KS1;US
CII;US
GVE;US
CT6;US
ODW;US
PS3;US
KW1;US
GG1;US
EL3;US
FH2;US
BB4;US
CFX;US
FDW;US
CER;FR
RY2;CA
YXX;CA
YMB;CA
IV1;CA
YZZ;CA
YXT;CA
YPB;CA
YQZ;CA
SM4;CA
IN4;CA
DHO;CA
GF1;CA
LV2;CA
OFT;CA
WKE;CA
YCN;CA
YXL;CA
RFW;CA
SB2;CA
HG1;US
FCA;US
LG6;US
TLM;DZ
MCA;FR
YAO;CM
SVR;HU
NGR;TZ
ARK;TZ
LTP;TZ
LCX;CN
SN2;BR
MG2;BR
HKV;BG
KDG;BG
KCO;TR
SEH;FR
LMA;EE
PVD;RU
CT3;US
HU1;US
CT5;US
EAV;US
LGU;US
FIL;US
NPH;US
TL1;US
ENV;US
PUC;US
TE1;CA
WNW;CA
SK3;US
ROW;US
PI3;US
MVW;US
OEE;US
AK2;US
NNE;US
OVO;BG
FRN;DE
IAR;RU
WM1;US
HRR;US
JHN;US
OZA;US
AAX;BR
UB1;BR
BBR;DE
MAT;MX
CGU;VE
CTT;US
DIL;US
MVL;US
ADE;FR
MCP;BR
MC3;BR
PNZ;BR
ID7;ID
FP1;PF
FP2;PF
FP3;PF
FP4;PF
FP6;PF
RAR;CK
AIT;CK
MGS;CK
APW;WS
MXS;WS
WS1;WS
ILP;NC
NC1;NC
NC2;NC
NC3;NC
VU1;VU
VU4;VU
TO4;TO
TO5;TO
TO6;TO
TO7;TO
NU1;NU
AS3;AS
PGE;GA
LUR;IT
MEQ;US
PL5;US
RKD;US
RLL;US
RMG;US
TR8;US
VIN;US
COP;ZM
EPR;ZM
REV;US
CEP;ZM
COT;UK
SLG;US
TQU;US
BWL;US
LVE;US
FAU;US
GUY;US
HUJ;US
FYA;LB
LKI;RW
TYS;NO
LBE;FR
CCL;IE
GYO;HU
IL1;BR
TYP;LY
CCM;BR
LAJ;BR
TEQ;TR
SSX;TR
QAS;SA
GIV;FR
ATY;US
AY3;US
CKV;US
FL1;US
GNW;US
JBR;US
LWB;US
MR1;US
PIB;US
PKI;US
TMA;US
WDG;US
WJF;US
YC1;US
BLH;US
BTA;US
BUV;US
CPW;US
CT1;US
CUB;US
DO3;US
DPN;US
FEE;US
FYM;US
HAB;US
HO5;US
HZ1;US
CEM;MX
PZR;MX
PT6;CN
TZG;CN
WHU;CN
FJ2;FJ
ONQ;TR
BD1;IN
IR1;IN
JPE;JP
JPG;JP
FLD;US
HOK;US
OLL;US
LBN;US
DAA;US
FR9;US
WEP;US
EOS;US
OBR;US
ATC;US
MEX;US
FES;US
DIN;US
PO9;US
HVR;US
LVG;US
KRN;US
OGA;US
FRY;US
FLN;US
PHM;US
WTV;US
GTS;US
DUL;US
CLY;US
RRR;US
BFD;US
MU2;US
TUY;US
OSG;US
MCL;US
FLU;US
BRX;US
BT6;US
OUR;FR
AZE;FR
AEY;IS
YKN;US
MF2;US
CSV;US
MK3;US
OWS;US
JAS;US
CM2;US
GB1;US
GW4;US
RCK;US
SN1;US
CPK;US
CP3;US
GL2;US
SNK;US
RGC;US
AG3;US
MD4;US
DYN;US
GZS;US
CR3;US
CLF;US
TXS;US
IJK;RU
BG2;US
MPR;US
WLD;US
DDC;US
YCC;CA
YKD;CA
HN1;US
AT2;US
GV1;US
SB1;US
SV4;US
CIC;US
AA1;US
MV2;US
EED;US
LSN;US
LE7;US
YUV;US
BWC;US
GHV;US
CB6;US
SOL;TN
MIC;US
MTP;US
OLB;US
PZL;US
RKP;US
TCD;US
UR1;US
WMC;US
CSI;LV
PDC;BR
CV5;AU
FL5;AU
FP5;AU
MGB;AU
YP5;AU
MR6;AU
TN5;AU
TWB;AU
TV5;AU
AYQ;AU
AHM;AU
KT2;AU
TC1;AU
MP2;AU
PH5;AU
TM1;AU
CC2;AU
HC5;AU
LDH;AU
SC9;AU
TM2;AU
AW1;AU
OIK;AT
BCV;BZ
HP2;BZ
CUK;BZ
KRU;MK
KAV;MK
DOJ;MK
BRV;MK
UMI;MK
OLP;TR
KA1;TR
KAL;TR
IVN;RU
LBO;FR
HD2;US
JCH;IL
MRV;US
ID9;ID
ID0;ID
AMQ;ID
PLW;ID
MT3;US
APL;MZ
VXC;MZ
OUG;BF
PN1;US
HKY;US
RWI;US
JVI;US
EWN;US
SM3;US
BK5;US
VL1;US
VL2;US
BP2;US
RIE;US
SUW;US
LC1;US
LSE;US
BV4;US
HU2;US
SUE;US
WST;US
ASI;CI
HME;DZ
FIH;CD
BKO;ML
KYU;BG
PDN;FR
KDI;ID
COJ;AU
TEG;DE
WLI;US
KLC;PL
PT2;US
JRR;BR
CQU;BR
ZEL;AT
TVS;US
HEY;FR
RCM;FR
FIG;FR
CTX;FR
PSB;BE
LVI;FI
PLU;DE
EER;DE
ZGW;DE
ASE;NL
SMT;NL
QFQ;NO
REA;NO
NRS;NO
LLS;NO
BBA;PL
TBW;RU
HLF;SE
UDE;SE
ODR;SE
MOA;SE
LUD;SE
KLI;SE
LTC;UK
DRO;IE
DLA;CM
GA3;GA
ZAU;RO
REH;IL
LOP;US
PT5;US
LN1;US
VA6;US
DLW;US
EYA;US
SKY;US
ELK;US
RN2;US
AD1;US
AK1;US
SR2;US
RKR;US
AR4;US
GV3;US
BVO;US
SI4;US
MU3;US
ENW;US
WUP;US
ASX;US
LS3;US
RWL;US
EAN;US
IE1;US
KM1;US
TR9;CA
YET;CA
WKW;CA
YLL;CA
WCK;CA
YOD;CA
YGC;CA
YDQ;CA
YSN;CA
VL3;CA
UDH;CA
TUX;CA
PL6;CA
YWL;CA
OOE;CA
NDZ;DE
LAL;US
RYN;FR
HD1;US
AHP;FR
AAQ;RU
RIC;IT
AHN;US
UK8;UK
LI6;US
LRL;US
LWP;US
MIN;US
PUF;FR
OCK;US
OPP;US
PAG;US
LUL;SE
OTK;FI
TON;US
WI1;US
LX1;US
OER;NL
SM6;AU
DUQ;CA
BBD;US
CDT;UY
JOG;ID
SC8;US
BDO;ID
SOC;ID
SRG;ID
BTJ;ID
ID4;ID
ID6;ID
PKU;ID
BK3;US
FCE;US
JDA;US
MDJ;US
ETP;US
LGD;US
BN2;US
WVE;US
HZL;US
LHV;US
SM2;US
IPT;US
GVC;US
LW4;US
BV3;US
CU6;US
KL1;US
JCT;US
XIA;US
SGR;US
PS2;US
OL1;US
LPE;US
HBV;US
CM3;US
VGN;US
BS3;US
OWI;US
LM2;US
OBE;DE
CEE;DE
PCD;US
ETT;US
EGV;US
DDV;US
XT1;TH
XT2;TH
XT4;TH
XT5;TH
TH9;TH
KKM;TH
TX8;TH
TX9;TH
NNT;TH
XX1;TH
XX2;TH
PRH;TH
TKT;TH
XX4;TH
XX5;TH
UTR;TH
XX8;TH
KKC;TH
XX9;TH
KOP;TH
TX1;TH
TX3;TH
BFV;TH
PXR;TH
TX7;TH
UBP;TH
TH7;TH
NST;TH
SOJ;NO
SG1;CO
VVC;CO
PPN;CO
LMM;MX
BEM;MA
BAX;RU
KEJ;RU
KVX;RU
KIS;RU
URS;RU
LPK;RU
ZAY;GR
RTW;RU
SGC;RU
TAV;RU
UAQ;AR
TUC;AR
PMY;AR
TSY;ID
MBG;DE
LSO;LS
ARS;RU
YSK;RU
IKH;RU
IKI;RU
BTK;RU
VAY;RU
VLK;RU
VGD;RU
VKT;RU
SD4;LV
YLB;RU
MLG;ID
NM1;US
CIO;PY
ENO;PY
SD3;PY
SV2;US
TOW;PL
KAZ;PL
UCH;FR
AUR;FR
OIX;FR
SDZ;FR
MG3;FR
DGP;LV
NNM;RU
DG1;FR
SK4;LV
NYM;RU
RU5;RU
ERM;BR
IEG;PL
DEH;US
EST;US
FHN;US
MCW;US
VEV;BE
TA1;BE
VYS;CZ
HRD;CZ
SAU;DE
FMM;DE
RHF;DE
AH;DE
REE;DE
BST;DE
IDO;DE
TUH;BE
EWR;US
TOX;RU
NTC;ZA
VYB;RU
NFG;RU
CHU;CH
AGN;FR
AIN;FR
AGE;FR
GIS;NZ
TAH;VU
GAU;IN
ISK;IN
IXA;IN
IXW;IN
LUH;IN
NN2;IN
BEO;AO
BVG;AO
HUB;AO
DPE;FR
CIZ;PL
ACO;IT
VSS;BE
OBI;DE
TMO;PL
CGH;UK
VES;MK
TK1;ID
HKD;JP
CCV;IE
KT3;JP
DT1;JP
BBE;FR
BHU;FR
LTQ;FR
SOM;FR
CKM;FR
RBX;FR
RBM;FR
AAS;FR
ELF;FR
EPL;FR
SDN;FR
THI;FR
KOE;ID
DLB;FR
TCV;MZ
BG3;BG
WYG;US
CT7;US
RS1;RS
NSU;US
GNO;US
RHH;US
VON;US
SNY;US
CY2;CY
JMS;US
OV1;US
PVE;US
SRR;BR
EDR;TR
CAE;FR
AYE;FR
CHB;FR
USE;FR
EVX;FR
LVR;FR
GNM;FR
AEC;FR
VRE;FR
QSF;DZ
BDE;FR
TU3;FR
VTN;US
CNH;US
EN3;US
HGG;US
GD1;US
LLD;US
FRH;AT
WEN;PL
LLU;PL
KMS;GH
AHB;SA
AXI;AZ
UEZ;EG
JML;LV
IIQ;CL
ZUD;CL
UZ1;CL
PEM;PE
PIU;PE
TPP;PE
MC4;PE
TCQ;PE
IQT;PE
AB7;IR
AVZ;IR
BND;IR
IFN;IR
KE4;IR
QOM;IR
TBZ;IR
AZD;IR
LSK;RU
KRY;PL
TOF;RU
TUA;RU
UGL;RU
ULY;RU
GMI;DE
FUR;DE
KOB;GE
BUM;GE
AXT;JP
EHM;JP
FKJ;JP
FKS;JP
GM1;JP
KG2;JP
KOJ;JP
KCZ;JP
IE2;JP
IYA;JP
ZKI;JP
HG2;JP
HI4;JP
TC2;JP
TTJ;JP
TOY;JP
GAJ;JP
ZNA;RU
KLF;RU
KOA;RU
NJC;RU
KRO;RU
MQF;RU
MVO;RU
NSK;RU
NBR;RU
NGA;RU
PVO;RU
RTV;RU
SKX;RU
SSK;RU
SER;RU
SUZ;RU
TYA;RU
TTY;RU
UCT;RU
KHV;RU
CSY;RU
HTA;RU
ZBE;CZ
TAC;PH
PG1;PH
DGT;PH
SKB;KN
NV0;KN
PV1;HT
ESM;EC
HAU;DE
ZRA;DE
UDJ;UA
RZA;AM
HTL;FR
CC3;BR
QAR;CH
LOH;EC
IKT;RU
JOK;RU
UUD;RU
KHA;RU
UUS;RU
AZV;RU
AR9;RU
VOG;RU
LDD;OM
KRA;RU
NB2;RU
PKV;RU
ARZ;RU
ARM;RU
BQS;RU
BYK;RU
MCX;RU
MUR;RU
NZK;RU
BLK;RU
GOH;GL
SRI;ID
PNK;ID
BDJ;ID
TKG;ID
CDA;FR
ONN;JP
ABU;JP
NIS;JP
ABH;JP
YU1;JP
TKC;JP
KUS;JP
AKA;JP
ODA;JP
KTU;TZ
HMS;US
SVN;IT
GLZ;NL
GPB;BR
NK1;US
HSN;CN
RSR;CO
QND;CO
DO4;FR
PKN;ID
SZR;BG
TET;MA
PL9;PL
TT2;US
LN2;NI
CLZ;VE
LVN;US
PUR;ID
CCY;US
SPW;US
LWS;US
MD0;US
CNK;US
GLD;US
NR1;US
PTT;US
ME4;BR
AM3;BR
AQA;BR
IAI;BR
AVR;BR
RT1;BR
UEI;BR
BAU;BR
CPQ;BR
JR2;BR
RUJ;BR
GRU;BR
JDI;BR
RUC;BR
OII;BR
OSO;BR
RAO;BR
SSZ;BR
SJK;BR
TMS;ST
NN4;IN
NN5;IN
NN6;IN
OO1;IN
OO3;IN
OO4;IN
OO5;IN
OO6;IN
OO8;IN
OO9;IN
PGH;IN
KR9;KR
KAG;KR
KR0;KR
JPI;JP
JPJ;JP
OKD;JP
CKI;IE
AHU;MA
RDU;TR
NWP;US
APG;US
LLC;US
SOW;US
ORA;CA
YVA;KM
FUL;DE
SPK;AZ
IXJ;IN
HKI;JP
IR2;JP
TYK;JP
JSC;PL
MLS;IT
ZJS;DE
ZBF;CA
CY3;US
KUR;EE
NEI;CO
LRA;BR
SO5;BR
UBT;BR
RU6;RU
RU7;RU
RU8;RU
BED;BG
BW1;BW
OAH;US
EGT;US
PN2;US
IMT;US
IWD;US
MQ1;US
BD3;US
LV5;US
PV2;US
HU3;HU
BZY;MD
UA1;UA
KHM;UA
YKS;RU
USS;RU
GRV;BR
ORO;DK
SIM;HU
FUZ;HR
SOU;GR
LTO;HR
LPS;NL
LBC;RO
LOT;HR
AHC;GR
KOI;FI
TOH;FO
JOC;FR
LOA;CH
OLU;TR
BJA;DZ
YAT;RU
ORY;RU
BIZ;TN
RIG;BR
OGI;BR
UPE;GP
CPL;FR
PSO;CO
VDL;CO
ZPC;CL
AT4;CL
SR4;LK
PTM;GR
ABK;RU
KFS;TR
HEK;AZ
PK1;ID
STY;PL
SED;IL
AKJ;JP
NB3;JP
OT1;JP
FU1;JP
NH1;JP
KUH;JP
OBO;JP
KK2;JP
AH1;JP
CS4;JP
IT2;JP
KJI;JP
KCT;LK
GA5;LK
AHG;LK
KA2;LK
BJT;LK
KL2;LK
MT4;LK
TGL;LK
KTG;LK
ELA;LK
ARU;LK
HBN;LK
ACJ;LK
PLR;LK
KPT;LK
SNH;LK
TSA;AM
DLJ;AM
NGO;SI
SSN;SV
CFB;BR
GQ1;GQ
SK5;SK
KIC;US
LI0;US
GON;US
FBM;CD
NAD;MA
USN;PL
JST;US
KK3;US
VHN;US
BSS;FR
GLL;FR
LPV;FR
OYO;FR
PVY;FR
SNT;FR
MK4;MK
LNX;RU
JOB;BA
JLJ;BA
UJV;RS
HPP;KH
PTF;FJ
YAS;FJ
FJ4;FJ
FJ5;FJ
TVU;FJ
NZW;UK
ADD;ET
TH0;TH
GAO;CU
CI2;CU
RAT;LK
SV1;VC
GS1;VC
POC;SI
GJA;AZ
SBN;RE
BZD;PL
KB1;JP
HH2;JP
TK2;JP
ENH;NL
ICD;IS
MK2;UA
GWT;DE
PFZ;DE
FRU;KG
KG3;KG
KR8;KR
AHK;RU
GS2;US
ARX;US
WR2;US
OTM;US
UBN;US
NC4;US
JKL;US
BT3;US
TTV;US
ORH;US
BT4;US
SY1;US
JR1;US
MV3;US
CS5;US
IHI;US
PR2;US
OPH;US
MF3;US
EBY;US
OIN;US
UVA;US
OZK;US
NGF;US
GG2;US
WNI;US
MG4;US
CHK;US
BH3;US
CY1;US
ENA;US
LL3;US
MPW;UA
TL2;CA
YVE;CA
AWM;US
WW1;US
BD2;CA
YFE;CA
PL0;PL
BUI;AT
WNE;AT
BGN;BE
KEV;MK
SUG;MK
OQ1;AU
BWR;CA
YEN;CA
YPQ;CA
YRM;CA
YU5;CN
YZH;CN
LAR;CU
KST;CZ
FLF;DE
JIB;DJ
CZL;DZ
EPU;EE
SAF;EG
LEM;FR
SSM;FR
HVZ;HU
BTN;ID
ID8;ID
SUB;ID
TPY;IE
IDR;IN
PU1;IN
3IN;IN
6IN;IN
THR;IR
AOI;IT
SIC;IT
VEN;IT
JP6;JP
UKB;JP
WAM;KE
CJU;KR
TYR;LB
RIX;LV
TEN;MX
BKE;NL
DVT;NL
LDN;NL
NLZ;NL
AR1;NO
NVK;NO
SA1;NO
AKL;NZ
BHE;NZ
NPE;NZ
TRU;PE
BOB;PF
PH4;PH
BWZ;PL
KRK;PL
LUB;PL
COS;PT
HOR;PT
DOH;QA
IAS;RO
DRB;UK
BMD;DZ
LZR;MK
SIA;RO
MVZ;ZW
MEL;MY
KNP;TW
NL1;FR
AN0;US
DYU;TJ
AOK;GR
AKX;KZ
HFJ;IS
HUR;FR
JU1;FR
VVR;FR
DM1;FR
LR1;FR
NTV;FR
LZE;FR
GUE;MA
FMA;AR
MT5;EC
IS3;IS
KJ1;SI
FND;DE
UL1;LV
HBC;CA
ZHP;CA
KLN;CZ
AES;FR
GHA;DZ
YLJ;CA
YKY;CA
CAY;GF
PIN;SI
MCD;FR
FEY;US
MHL;US
CTM;US
SSV;US
VAJ;US
JSN;US
DLK;US
MFB;US
PHA;US
LNG;US
DBS;US
RGT;US
WTO;US
TW1;TW
YYE;CA
ZGF;CA
KK0;GR
YRL;CA
IAC;BA
CKC;UA
MGV;AZ
IFR;MA
LIP;SK
QUM;MX
RAB;BR
PMW;BR
PGM;BR
PNB;BR
PFE;BR
RDS;BR
CSU;BR
PPY;BR
AFL;BR
AUX;BR
BS0;BR
BB0;BR
BRB;BR
BVB;BR
BJ0;BR
WEZ;AT
CCT;US
NBH;DE
WUB;DE
ANS;MG
NA2;NA
LMB;NL
RAH;RO
TLR;US
JZR;BR
GO0;IT
CHH;MA
NLR;FR
VSL;FR
OTR;CZ
HSS;DK
MVP;DE
MIE;BR
NFB;BR
PSQ;BR
PFN;BR
PES;BR
SSO;BR
PDF;BR
PPD;BR
REO;BR
RIA;BR
SDL;BR
SPG;BR
SRA;BR
TLG;BR
TZT;BR
VLE;BR
III;BR
OAL;BR
CMC;BR
BT0;BR
CS0;BR
XAP;BR
NKG;CN
HDL;NO
TZ1;TZ
NYW;MM
PZY;SK
LGR;FR
DJB;ID
FDS;BR
FEW;BR
DMT;BR
MRN;BR
TSQ;BR
SDO;BR
OLD;MA
SFI;MA
HN0;CN
BLZ;MW
RIL;US
TZI;MA
MJA;LT
APO;CO
AAU;CO
EJA;CO
BUG;CO
CPB;CO
CAQ;CO
DUT;CO
FLA;CO
GIR;CO
IPI;CO
MGI;MW
AIA;MW
NNA;MA
DDM;TZ
LMU;KE
CUN;MX
SPC;ES
LGS;CL
AKS;NO
PR4;AR
PTL;US
MK5;MK
ELB;AL
LEZ;AL
KOC;MK
LYU;US
GP0;US
RRT;US
LLW;MW
YAG;CA
YS0;CA
DU0;BR
FEN;BR
FBE;BR
GVR;BR
GU0;BR
IMP;BR
ITE;BR
UIU;BR
UPO;BR
JG0;BR
JCB;BR
RR0;BR
VR0;BR
LE0;BR
LGA;IT
IBA;NG
LDC;CO
PTX;CO
UIB;CO
RCH;CO
SCJ;CO
TCU;CO
EYP;CO
CAS;ES
GRO;ES
HUE;ES
MAH;ES
MAL;ES
SCQ;ES
SRN;ES
VIT;ES
LUW;ID
KTA;ID
MLE;FR
TTO;CH
ZCH;FR
SAG;FR
SM9;FR
INS;FR
OUT;IS
WSI;IS
CI3;CI
NNO;FR
RDN;FR
ON9;FR
LVV;FR
WDM;DE
BGF;CF
BER;DE
FNM;NO
WAS;US
SK6;SK
EN4;IT
AM4;AM
CYV;UA
BDR;TR
FTH;SN
DFW;US
DRE;TR
LMR;US
ATN;US
MDD;US
DUR;US
GEV;MK
GOR;PL
FLE;NL
MVI;CZ
YDC;CA
SRY;TR
MME;FR
KYR;UA
LEW;US
WEM;US
KDK;PL
KEY;US
KCM;TR
PVH;BR
SMG;BR
BKN;AZ
DE9;DE
HAF;IS
TTA;MA
BQE;GW
BML;MA
ACP;SV
GER;DE
BGQ;AU
BEE;AU
CNU;AU
CLH;AU
CWR;AU
DNT;AU
FTC;AU
GAW;AU
GDT;AU
GOB;AU
HOW;AU
MGN;AU
UA2;UA
QCA;SA
HLE;CL
CZ1;CZ
ARA;ES
ON;CA
FLL;US
GNE;BE
LAA;BE
MCH;BE
SPA;BE
BOJ;BG
DEV;BG
SMY;BG
BRN;CH
LUC;CH
VLS;CH
KLV;CZ
OLO;CZ
PRG;CZ
BAV;DE
BHR;DE
BIE;DE
BNJ;DE
BS4;DE
COB;DE
DAR;DE
ECK;DE
GAR;DE
VAV;LA
GDZ;RU
GOJ;RU
NCH;RU
NVZ;RU
OGZ;RU
PZA;RU
SVT;RU
VEY;RU
VLI;RU
DMM;SA
AVE;SE
GOT;SE
NOK;SE
ORS;SE
SI6;SI
SA6;SV
PHU;TH
PHY;TH
SUK;TH
TX2;TH
UNN;TH
XT3;TH
XX6;TH
DJE;TN
TN1;TN
TN2;TN
TBU;TO
DIY;TR
SID;TR
CYI;TW
DOT;UA
PLV;UA
UG1;UG
CEG;UK
CL2;UK
CR2;UK
DOV;UK
HUD;UK
ISA;UK
KEN;UK
LA3;UK
LI2;UK
LL1;UK
MID;UK
NEQ;UK
NWH;UK
PRS;UK
QQX;UK
SFL;UK
SO2;UK
SU3;UK
TEW;UK
TLF;UK
WLV;UK
ABI;US
AOH;US
ASN;US
AUB;US
AUN;US
AUS;US
BGD;US
BH2;US
BIS;US
BNN;US
BO3;US
BO5;US
BU2;US
BXC;US
BYH;US
CAC;US
CA3;US
CBN;US
CC1;US
CHS;US
CLD;US
CLI;US
CNE;US
CRP;US
CSA;US
DAY;US
DD1;US
DPT;US
DR3;US
DWL;US
ECF;US
ED1;US
EKN;US
ETS;US
EVE;US
FA4;US
FDY;US
FEF;US
FOD;US
FPR;US
FTL;US
GE1;US
GLR;US
GL3;US
GRP;US
HES;US
HLI;US
HOB;US
HOP;US
HVN;US
IAG;US
JAC;US
JMC;US
JOT;US
KAI;US
KEE;US
LAI;US
LAX;US
LEX;US
LE3;US
LE6;US
LG5;US
LK3;US
LT1;US
LUT;US
MAU;US
MA5;US
MCE;US
MDH;US
MFD;US
MMB;US
MR2;US
MSY;US
NBC;US
NE1;US
NKH;US
NYA;US
OCE;US
OX1;US
PAI;US
PAN;US
PA1;US
PCT;US
PHX;US
PL1;US
PL7;US
POF;US
PT1;US
PXV;US
RGL;US
RIF;US
RKF;US
RY1;US
SAS;US
SA9;US
SBE;US
SCE;US
SDX;US
SDY;US
SEC;US
SH3;US
SH5;US
TAO;US
TOK;US
TPA;US
TRF;US
TR5;US
TUO;US
UCA;US
WA8;US
WII;US
WL1;US
WOD;US
ZAP;US
PQC;VN
SGN;VN
UIH;VN
VU3;VU
LMP;ZA
MYG;ZA
SAZ;ZA
SDH;ZA
UTN;ZA
HAE;DE
HHS;DE
ING;DE
KBZ;DE
KLT;DE
LST;DE
NOD;DE
QFB;DE
RSH;DE
SW1;DE
WUR;DE
AAR;DK
EUP;DK
HSG;DK
LND;DK
ODE;DK
RAD;DK
SIL;DK
SJA;DK
SLA;DK
AG2;FR
ALV;FR
AN2;FR
AUF;FR
AU4;FR
AXB;FR
BA2;FR
BLG;FR
BR1;FR
CAL;FR
CHX;FR
CH1;FR
DCY;FR
DOG;FR
DOL;FR
DVL;FR
LAP;FR
LES;FR
LNS;FR
LTE;FR
MEG;FR
MRS;FR
NAN;FR
POV;FR
SET;FR
SNL;FR
STB;FR
TLS;FR
TRY;FR
VLN;FR
XSB;FR
CYC;GR
ION;GR
IT1;GR
LFD;GR
RHO;GR
DNC;HR
HR3;HR
RJK;HR
DEB;HU
KNW;UK
KTR;UK
LIN;UK
LI1;UK
LI3;UK
LPL;UK
WEL;UK
WET;UK
WE1;UK
MAI;UK
NTH;UK
RAG;UK
ROH;UK
RUB;UK
SOT;UK
ST2;UK
TGE;UK
THU;UK
TOQ;UK
UK1;UK
UK7;UK
WOO;UK
WXE;UK
ADL;AU
VCD;AU
KWS;AO
UIA;AO
SJD;NI
SH6;OM
SR3;OM
MEZ;AR
ONX;PA
AYP;PE
LIM;PE
PCS;PE
TBP;PE
USH;AR
MOZ;PF
RO6;AR
MND;PH
PRE;PR
PDL;PT
TRC;PT
VI3;PY
LUQ;AR
BSR;SY
HOM;SY
PYA;SY
AAZ;AT
JP2;JP
NGS;JP
ASM;AT
GMU;AT
INN;AT
XGZ;AT
YOK;JP
OCJ;JM
JUJ;AR
THO;IS
WTF;IS
BHO;IN
DHM;IN
GOO;IN
IN7;IN
IXM;IN
IXZ;IN
JSA;IN
LM1;IN
LV4;IN
NAS;IN
OO2;IN
OO7;IN
QNB;IN
SLV;IN
STV;IN
TV1;IN
VGA;IN
HFA;IL
NAY;IL
TKM;GT
FJ1;FJ
FJ3;FJ
MNF;FJ
ATA;FI
ENF;FI
HML;FI
KLP;FI
KOK;FI
MKL;FI
NUR;FI
OUL;FI
QVM;FI
CAI;EG
SJJ;BA
NAJ;EE
TAY;EE
UIO;EC
ALG;DZ
BAH;DO
JDO;DO
PUJ;DO
SDC;DO
BGI;BB
BVC;CV
RAI;CV
VXE;CV
GN2;CU
TND;CU
GAN;CR
ACM;CO
BUN;CO
MDE;CO
VLT;CO
CJC;CL
IP1;CL
PMC;CL
VC1;CL
VI1;CL
ZAL;CL
LPB;BO
TJA;BO
CUA;C0
BBK;BW
FRW;BW
NTL;AU
BME;AU
AU7;AU
AU1;AU
HV1;AU
AW2;AU
PKA;RU
FC5;AU
KGD;RU
GP5;AU
VVO;RU
ABV;NG
SWP;NA
KUL;MY
PNG;MY
MXL;MX
CUL;MX
TIJ;MX
AP2;BR
ARC;BR
BPG;BR
CFC;BR
CHA;BR
CLN;BR
CPO;BR
CUR;BR
DIQ;BR
FRC;BR
FTZ;BR
GN0;BR
IJ0;BR
IPN;BR
IT0;BR
JNA;BR
JOI;BR
LHL;BR
LRV;BR
MVF;BR
MWY;BR
ORR;BR
PDG;BR
PFB;BR
PMD;BR
PRA;BR
PSE;BR
PTI;BR
VF;ZW
HRS;ZA
JHG;ZA
NWS;ZA
PTE;ZA
RCB;ZA
SSD;ZA
HAN;VN
PHH;VN
STX;VI
CIM;VE
PDP;UY
SNP;TZ
ZNZ;TZ
HSZ;TW
TPE;TW
NAB;TN
TAK;TN
TNZ;TN
BGK;TH
KBV;TH
LOE;TH
LPT;TH
PAT;TH
TH1;TH
TH8;TH
TX4;TH
UTH;TH
XT6;TH
XX7;TH
AGA;MA
ERF;MA
KHE;MA
MA2;MA
TNG;MA
DMB;LK
HBT;LK
KO2;LK
PSS;LK
UWB;LK
BCK;LB
BMA;LB
LPQ;LA
KW;KW
RSU;KR
SWU;KR
BBM;KH
KH1;KH
KKZ;KH
PNH;KH
SIR;KH
MAS;KE
NAI;KE
ACH;JP
AOJ;JP
IK1;JP
IWT;JP
JPH;JP
VGR;HU
CLS;IE
LMK;IE
MAY;IE
AOA;IT
APR;IT
BZO;IT
CPP;IT
DIM;IT
FAB;IT
FLR;IT
LAT;IT
LGM;IT
LIO;IT
MIL;IT
MTC;IT
NRC;IT
PIE;IT
PIS;IT
PLN;IT
QPA;IT
TRS;IT
ESA;LU
LUX;LU
LZZ;LU
DKL;LV
TIV;ME
NPP;MK
PLP;MK
APE;NL
BUA;NL
HVS;NL
UTC;NL
ZWO;NL
BS1;NO
FLK;NO
FNN;NO
HAR;NO
HTN;NO
LA1;NO
TRO;NO
VR1;NO
BSK;PL
KOO;PL
SZZ;PL
WAW;PL
FAO;PT
OPO;PT
BLA;RO
NSI;RS
EGO;RU
KMW;RU
PEZ;RU
ROV;RU
RZN;RU
ARJ;SE
BOR;SE
BRO;SE
ESL;SE
KAH;SE
KID;SE
KIR;SE
LPI;SE
MMA;SE
SKL;SE
TRG;SE
UPP;SE
BLE;SI
BJN;SK
GLT;SK
SKZ;SK
TAT;SK
ADF;TR
ART;TR
AYD;TR
BKR;TR
KUT;TR
MRI;TR
RIZ;TR
SBO;TR
TRZ;TR
TR3;TR
VAN;TR
BKV;UA
KBP;UA
KVR;UA
KYV;UA
RMA;UA
SIP;UA
ZTR;UA
AB4;UK
AIR;UK
AY2;UK
BAN;UK
BA8;UK
BHX;UK
BLD;UK
BR;UK
BR6;UK
CL4;UK
CRA;UK
CR1;UK
CSH;UK
CU2;UK
CVT;UK
DDE;UK
DOK;UK
DON;UK
DO2;UK
DUM;UK
EA2;UK
FEM;UK
FO1;UK
HLY;UK
IS1;UK
CKL;UK
GR2;US
GR8;US
GSB;US
GTY;US
HA5;US
HA6;US
HCA;US
HLN;US
HMD;US
HMP;US
HOT;US
HPN;US
HR1;US
HSV;US
HTS;US
JHW;US
JH1;US
JLN;US
KAN;US
KE3;US
KII;US
LGH;US
LG4;US
LKV;US
LOK;US
LOU;US
LOZ;US
LRU;US
LS2;US
LWC;US
LYH;US
MA9;US
TPH;US
TR7;US
MEM;US
MHT;US
MIO;US
MI3;US
MN2;US
MO4;US
MO5;US
MOB;US
RBF;US
RBW;US
RLA;US
RME;US
ROA;US
RRY;US
RU3;US
MR5;US
MTW;US
MT1;US
MT2;US
MWH;US
GAB;BG
ERA;BY
AGU;MX
CLQ;MX
LAZ;MX
LOV;MX
MAN;MX
MOR;MX
NG1;MX
PVR;MX
SAI;MX
SOA;MX
TCA;MX
MZU;MW
MV;MV
NKC;MR
FDF;MQ
INP;MG
MDV;MG
TNR;MG
KIV;MD
UVF;LC
SHY;KZ
BE;CA
BF;CA
EDM;CA
FR4;CA
GNQ;CA
KHR;CA
LO;CA
NE3;CA
SM5;CA
YAM;CA
YBY;CA
YCG;CA
YEL;CA
YHA;CA
YJP;CA
YNF;CA
YQR;CA
YQU;CA
YTA;CA
YTF;CA
YXE;CA
YYN;CA
MY1;US
NAH;US
NN1;US
NO5;US
NPT;US
NSB;US
OGL;US
PC1;US
PEY;US
POH;US
PQ1;US
PRO;US
WAU;US
WB1;US
VDI;US
VE2;US
VTR;US
UKI;US
THP;US
SAC;US
SBD;US
SBR;US
SC7;US
SD2;US
SGW;US
SHR;US
SMD;US
SPH;US
SS2;US
STC;US
ST0;US
ST6;US
PR3;US
OX3;US
OYS;US
MYC;VE
LB1;PL
DKP;MK
MKH;GE
BJK;BA
BZV;CG
FCP;CG
TAA;HN
UZI;RS
NPZ;RS
SHH;AZ
NTG;CN
EDO;NG
LCE;CZ
LPD;MX
SFN;AR
BHT;AL
AYN;CN
QIQ;CN
YNB;SA
BEB;US
NEY;US
CGD;CN
GSH;CN
OOG;US
SL4;US
DDA;PE
NNI;CN
TW7;TW
IZA;GT
JHR;CZ
OKT;US
MRZ;AU
EDL;KE
UDD;NO
JNZ;CN
BFJ;CN
MMY;KR
SUJ;RO
DDT;RO
AIL;RO
CAU;RO
ATR;RO
MDI;RO
ULI;RO
DVA;RO
BAF;RO
GHI;RO
URG;UZ
PSC;US
FL2;US
PAH;US
PAU;US
WRL;PL
UKK;KZ
RKL;TR
TKY;CZ
BHC;IN
BUJ;IN
HAO;CN
TNJ;CO
SOX;CO
CRL;CO
FEQ;CO
ZIP;CO
LUA;CO
GTP;CO
BJM;GE
KSY;TR
HZC;CN
BLW;PL
TGH;CN
RUM;TR
PLE;PL
CGS;US
NVI;UZ
CIK;TR
MLI;BR
HIN;PE
LLP;PE
CCN;EC
LYI;CN
LYG;CN
PND;BZ
TFF;IE
FEG;UZ
AVU;RW
JMB;BI
IEL;IT
HLV;NL
CBQ;NG
QUO;NG
HVV;UK
KTY;AM
SUX;CN
KRG;NO
BTR;AL
DRR;AL
TRW;PL
GJI;AL
KCE;AL
PGR;AL
SDE;AL
VOE;AL
CCK;CA
CSB;CZ
TNE;UK
WUS;CN
YQW;CA
WLH;US
QJA;CN
NBS;CN
YIN;CN
YIG;CN
LHW;CN
HZE;CN
KSH;CN
CAH;CN
XAN;CN
DNY;CN
GNZ;CN
HCU;CN
UEO;JP
YIB;CN
KMA;CN
KHL;IN
MRO;US
HDA;CN
JIG;CN
SNV;US
PUO;BR
PY1;BR
ROB;BR
SBJ;BR
SFR;BR
SJP;BR
SOE;BR
SS0;BR
THE;BR
UMU;BR
CGQ;CN
CKG;CN
CSX;CN
DGM;CN
DYG;CN
FUG;CN
HRB;CN
JGS;CN
JH6;CN
KFN;CN
LP5;CN
SYX;CN
TYN;CN
WUX;CN
XIY;CN
YIW;CN
OXB;GW
TGU;HN
ID2;ID
ID3;ID
PD1;ID
PKY;ID
SLW;ID
AMM;JO
WDR;JO
BV5;AU
LA7;AU
HWN;ZW
KGE;DK
LZC;CZ
TBJ;BA
RVD;BR
REM;BR
CPE;US
GTW;US
SSP;US
OXO;US
QSI;TZ
BSI;IT
OMI;HR
CVG;US
BTY;US
NON;US
FKK;AE
UMM;AE
CGP;BD
BGS;US
OUF;SA
AQI;SA
OVI;CO
TKA;CZ
BKH;UZ
CCH;KR
DEY;CN
LSH;CN
MSZ;RW
TMJ;UZ
ZLO;MX
CPA;HN
GIB;GI
SXM;SF
FNA;SL
NDJ;TD
NC;NY
GOZ;RU
YYS;RU
NKA;RU
CPN;BR
WR4;PL
WNT;DE
GGI;KR
ENG;CN
OLT;DK
ZEC;RS
IRK;TR
NDM;PL
BHY;CN
UAI;CN
LUO;CN
SHU;CN
PZI;CN
ZAO;CN
UER;CN
SHI;CN
TGN;CN
EZS;TR
KOV;CZ
HSU;CN
NNY;CN
INC;CN
DAT;CN
CIH;CN
SJW;CN
DQA;CN
ZER;CZ
IOV;RO
KOZ;TR
AZN;UZ
PHC;NG
LZS;SK
USQ;TR
DOX;DM
SMN;SV
FIE;AL
YAB;AU
QLD;DZ
YDN;CA
LXV;US
JIO;CN
YGJ;CN
SRB;AT
HSC;CN
PPA;IN
XIS;CN
BYI;CN
BYN;CN
BNZ;CN
ZUN;CN
NIG;CN
JIN;CN
HHL;SA
AKW;JP
ITA;BR
XNT;CN
BEX;IN
QIH;CN
IGI;MX
XNG;CN
WUW;CN
HLU;CN
ZHO;CN
JNI;CN
ZIG;CN
YON;CN
PGL;CN
SZI;CN
SIY;CN
MYN;CN
JIQ;CN
RUR;IN
YUB;US
YNG;US
WY1;US
WS2;US
WR1;US
WM2;US
KAK;GE
TDK;KZ
VNC;VE
BRM;VE
MHA;EC
DQM;OM
DZH;CN
LC2;HN
SMK;UZ
CHO;CZ
TNI;CN
OMZ;SI
TGT;TZ
AOG;CN
YAA;CN
JIA;CN
XIN;CN
CDG;BR
QJB;SA
FKE;TR
SIB;DZ
VNE;UA
UMY;UA
RSO;UA
PNL;CO
HIV;UZ
WEG;PL
PRZ;PL
SHK;AL
RVL;AU
VLZ;RU
MXZ;CN
QYQ;CN
HUG;CN
LZH;CN
LIQ;CN
CXX;CN
ANL;BR
CAT;BR
WDT;AT
UHA;CN
BII;JP
ADO;DE
LIZ;AT
JUD;AT
YNN;CN
ZHG;CN
SUI;CN
ILA;CN
XUC;CN
HMI;CN
HLD;CN
YNI;CN
JIY;CN
BYG;CN
LGZ;CN
LCG;CN
QYG;CN
SUQ;CN
HBG;US
WOS;US
BNR;US
TFR;US
BLC;US
WLL;US
VYT;IN
INI;US
FAN;US
OXS;US
MTD;US
LTR;NP
BVL;US
FJD;CA
ZRC;SI
AWR;IN
ABQ;US
AG1;US
ANN;US
ANP;US
APN;US
AT3;US
AT5;US
AUZ;US
BBC;US
BB2;US
BGM;US
BLI;US
BMC;US
BRW;US
BT1;US
CAK;US
CEZ;US
CH2;US
CH8;US
CHD;US
CL6;US
CL8;US
CMI;US
CM1;US
CO5;US
COU;US
CSE;US
CTH;US
CTV;US
CU4;US
CW3;US
DBN;US
DCA;US
DFS;US
DIA;US
DMP;US
DL1;US
DVE;US
EAD;US
EFF;US
EPK;US
ERI;US
ES4;US
EUA;US
EUE;US
EW1;US
FCY;US
FI1;US
FMC;US
FOB;US
FTB;US
GBD;US
GE2;US
GLI;US
GNV;US
GPN;PH
EIW;PL
MNE;AO
SRT;AU
WPA;AU
KWA;NZ
VUE;BE
OSI;BE
ENB;CN
RGI;UK
JEU;KR
EYO;KR
OPC;KR
HNU;CN
ONC;US
MUN;US
OMR;US
KOU;GR
JSY;GR
ANW;GR
ANI;IN
SNU;MY
LSI;VE
ARP;FI
DIB;AL
ICS;IT
KYO;JP
TVA;IT
OIB;PH
ACT;PE
TFO;US
NID;BR
ODF;UK
EIS;UK
RKA;ID
ORG;ID
ULS;KR
RSA;AT
PUL;ID
IPR;KV
HCL;US
HEA;KR
ILG;PK
PEA;IT
LEV;US
XAI;CN
KHU;BD
SIU;CN
GTA;CN
NCG;CN
DNI;CN
ZAM;ES
ADH;IR
RTI;SI
UEP;NA
LVO;US
HKK;LK
NBO;LK
YAL;LK
PAP;HT
AYT;TR
HR2;JP
IHK;JP
WE3;LK
VU2;VU
TSS;LK
BLF;ZA
LXR;EG
ETH;IL
KAB;ZW
OM1;OM
ITM;JP
AFY;TR
DAD;VN
SAR;GR
PLO;RO
SYI;CN
DNA;CN
OLG;CN
OPT;US
ACL;DE
RZI;CN
HKA;EG
ABM;IN
FOG;CA
JLU;SE
AGL;SE
WGA;US
AJN;KR
JEC;KR
NDA;KR
UAB;KR
DYA;KR
UGM;KR
ATK;JP
YOE;KR
HCN;KR
ANJ;KR
GOC;KR
DNE;US
KSA;JP
EJO;KR
GUR;US
VNA;US
RAC;US
NIO;FR
AHS;KR
RDI;US
YAC;US
IRG;CA
HCI;AR
COH;LB
HIC;GT
BNL;BE
AOV;US
SKN;GR
KYN;GR
SRF;GR
ETC;MX
KDO;IN
AMR;BR
KVI;FI
ACV;AR
PTW;US
HGA;SE
EZH;CN
SUM;US
NCA;US
EGA;AT
RMO;ET
JFE;US
ODL;US
EBS;AU
GAI;UK
L1A;AU
TPI;SE
OCH;CN
KTO;ID
YKO;JP
BNI;VE
AMH;NO
NVO;SI
LRO;VE
LME;KE
OSK;HR
PLG;TH
ANZ;CN
NJI;CN
KUI;CN
JIZ;CN
LUM;ID
S1A;ID
AHD;KR
TIH;BT
TBO;US
ASJ;MX
MNI;MX
JUL;SI
IMR;VE
QAI;CN
HPC;DE
MNO;US
ABO;CN
OGR;MZ
UAH;CN
ERE;SO
BNA;AU
CRH;SE
EFR;CA
OTS;DE
KOM;SK
LPO;PL
RAV;SE
HMU;US
LWA;US
YNA;KR
SNI;BR
YEO;KR
PYE;KR
A1N;KR
HEC;KR
TNO;KR
TAU;US
GWA;KR
RTE;AR
OMN;US
MSI;US
BOT;US
FSA;US
TSP;CA
TEH;CA
AFN;HK
GOD;HU
NAR;CO
ISN;IE
RFE;FR
KIO;GR
NOM;IT
RZO;FR
VEI;AR
OLS;VE
OHR;US
EID;US
KSU;FI
OBL;US
AKN;IN
FDC;BE
VOI;CH
ETA;UK
AIM;OM
ETN;EC
JER;AM
KED;ID
SKU;ID
SGI;ID
MKE;TR
ECT;NZ
QMA;FJ
AUL;US
TRH;IN
RCE;HR
NVE;US
PAC;GH
UML;PK
IJA;CN
HTC;IN
NHC;CN
AOM;CN
UDP;IN
IKL;JP
OLR;AR
IAJ;CN
EIK;NG
HDU;SE
ZAH;CN
LYA;CN
NGC;CN
QES;IR
UAL;CH
EIL;CD
KRE;IR
ALY;EG
BOC;DO
HYE;CN
ABL;CO
PTA;IN
KLH;TH
ATS;NZ
RGO;AU
RNA;CL
KNI;AU
NSA;CN
WLO;AT
ULR;AT
LSA;CA
IWN;US
EBN;US
IRO;NI
DRY;AU
ERG;NZ
ONI;NG
UAC;MX
SBU;RS
UEC;DE
RTL;SE
TEO;BR
HUC;KR
KSI;KE
RCA;BR
ACN;BR
ACS;BR
THA;MM
YES;KR
ANE;KR
ICH;KR
USL;US
ILB;US
HSE;US
IOR;US
ONM;US
AKR;OM
UHM;UK
EBI;UK
DNU;UK
ILS;UK
AZH;IN
NRA;IN
HBU;IN
LAB;SA
EFL;MX
EAB;US
URD;VE
ARB;US
NUI;US
AKH;US
OMU;US
UCL;ZA
TLO;ID
DMU;ID
HCO;PL
OTA;ID
NCI;JP
TLU;ID
SNF;RO
ABG;IN
YBA;CN
HNC;US
WEC;CN
URT;SA
RKO;HR
QEU;PK
ITN;MA
SCU;VE
EBM;IN
RBL;SS
NSH;CN
IAX;CN
RJA;BD
ERO;US
AJI;CN
OTN;CN
ILV;CN
BLP;PL
SNN;CN
HNE;CN
IMS;CN
CFH;CN
QUJ;CN
YKL;AU
ZHU;CN
AEL;LB
DBA;AT
KLA;CZ
DEU;AT
BUC;US
AMC;US
UBA;AU
EMR;AU
SAE;AU
HSA;GH
RBO;US
BOY;KR
JOE;KR
HCE;KR
A1S;KR
OKR;DK
AFS;DO
MJU;KR
BUY;KR
IJN;KR
EOY;KR
LFO;BR
MIT;US
EHC;US
KMO;HR
ORP;CA
SPT;CA
EOJ;KR
ESH;US
OPU;US
RCI;US
WTA;US
TSU;US
EVR;CA
PNE;UK
ABN;UK
DUN;UK
TNS;GR
ELN;HU
KAW;CA
WRA;US
TSO;UY
ISE;UK
PCA;BR
ILD;US
CSR;VE
UKO;FI
RPA;US
NLA;CA
NOC;US
LCR;US
OTP;US
AWK;ID
SIG;ID
APS;ID
KIA;US
EAL;JP
UHC;CN
UNS;CA
ACI;UK
WLE;US
EGN;PH
GZI;PL
NIH;VN
ULC;VN
VST;US
JAW;ID
UBL;CL
PCI;RS
NUL;CN
OIM;US
KNH;IR
OPL;SI
LSV;SI
URI;CH
WAK;JP
PUA;PW
KAC;IN
PHE;TH
NWO;PL
AHT;VN
SHC;CA
BSA;NG
HWA;QA
IAT;VU
FAG;SE
IHL;US
UIN;US
GOS;KR
INJ;KR
GEY;KR
OCN;CA
NKO;US
GSA;US
AMO;US
ODG;US
AEM;US
DRA;US
EBA;US
HCR;US
HWO;US
AIB;EC
RVA;UK
RET;UK
LPZ;EC
EML;CO
NMO;IE
SIF;GR
AMG;GR
FOE;GR
LCA;AU
JOS;IN
LNA;DK
UBR;US
EPS;US
KIH;FI
LFA;US
BHM;LB
LEA;US
OHL;US
EUN;US
NYG;ZW
ONR;US
ATM;BR
TSI;UK
KNE;AU
LYN;US
HRA;US
ET1;US
ALR;US
DSA;NO
ACU;UK
VNI;UA
IAM;ID
NBA;ID
NTE;ID
ALU;US
PNO;ID
ESR;ID
AFI;US
EIB;AT
IHT;JP
BCA;PH
TPO;US
IAB;IN
LAY;MA
RTS;BR
LSU;PL
PAO;AR
NAO;AU
AIF;PK
ISY;KG
XNI;CN
WDO;CA
LDA;FI
UMR;UG
YUL;CN
UWH;CN
OGU;NG
OPN;IT
IGA;IR
JAM;IN
ZUG;CH
RUG;PL
FIT;US
RKI;IN
ABT;IN
JAL;IN
RTO;NZ
HIB;US
LNR;US
MBU;LI
DMA;AU
HID;MX
MUA;SE
AEK;SE
TBA;SA
APT;BR
RCU;BR
LTA;BR
PNI;TW
GEO;KR
ULJ;KR
AET;KR
DNO;KR
ANY;KR
YNO;KR
MYD;KE
GIM;KR
GAP;KR
WON;KR
ERT;BR
CIL;US
TSJ;US
EVL;US
IND;US
OBN;US
ORM;CA
RPO;CA
RBI;UK
MDA;IN
NRO;UK
ANB;EC
API;US
KEA;GR
SLR;MY
OCR;BR
RGA;US
PYH;FI
RNS;FI
VAM;FI
LKA;FI
CTA;US
HTO;HU
PEU;VE
WSE;US
RIM;VE
SUH;CA
LNB;US
IBL;US
MOU;US
AMN;US
WIH;CA
POB;BR
URB;US
ICL;ID
NPI;CN
RCO;IE
WNO;ID
PME;ID
LRB;ID
OIS;UY
AVC;BR
OUM;AU
MYA;NI
ELD;CN
HSO;CN
PCR;IT
YUN;CN
SYL;BD
ODN;NG
YIA;CN
KDS;DZ
NJA;JP
HZA;CN
BOP;IN
MBE;JP
DOM;DO
BWE;LK
TTI;RO
CAP;TR
KNU;IN
TOB;TT
MIQ;AU
ALH;KW
QAB;AZ
SVI;TR
GUN;CN
APY;PH
OSU;CA
LAO;CL
AKI;ID
IOK;JP
RIT;US
ENL;US
NIP;BR
VUK;HR
MGO;TZ
PDO;IT
HKO;JP
PSI;ID
AKT;AU
GOE;NL
EPI;US
OCP;BR
IRT;BR
RLB;BR
VTI;BR
AO1;US
GR0;US
LO3;US
AL6;US
SES;US
WIB;US
FLC;US
SRW;US
BO4;US
GO2;US
BUF;US
SC5;US
ELM;US
OR4;US
NW1;US
AIS;US
MRE;US
WSM;US
EKY;US
WES;US
ITP;US
OFR;US
SIH;US
LVL;US
GEE;US
ONW;US
INL;US
STN;US
ADM;US
PHI;US
NWB;US
MS1;US
DHS;US
PMH;US
NPA;CO
ELT;VE
MXT;BR
FIJ;FJ
NCO;US
CET;US
CV1;US
SCT;EC
IBS;EC
TOS;NL
EHL;NL
EHR;NL
NOB;ID
AUK;CN
TPM;PG
IJV;PG
GUD;SB
KO0;GF
EOG;GY
NVL;IT
YNU;CN
IRA;CA
AJS;GE
KHF;SA
UHS;EC
ZNO;CZ
CZI;TR
ONV;BY
OUS;TC
IRS;TR
IAL;CN
ANQ;CN
XUA;CN
FUY;CN
UZS;CN
GNU;CN
ILO;CN
YGA;CN
OTB;CN
HNA;CN
IQN;CN
NLB;CN
OUB;NC
UEN;UY
ORV;US
NKE;US
RBE;US
ICT;CL
PRU;CL
OCI;CL
UGN;UG
UND;IE
RFA;BO
ESU;CA
PKE;US
TME;PG
FUT;CL
BHV;IN
EMD;HR
OZU;GE
JDS;BR
PPR;BR
NTS;US
ML2;CA
HRC;UA
EHS;HK
EBL;AT
TKH;TH
USO;JP
ICU;VE
IUS;FI
GMR;LI
GUS;AT
RK1;FJ
NQL;AU
EOR;UY
BRZ;BR
VEL;BG
MM2;CA
YVO;CA
YQT;CA
YQY;CA
TU;CA
YOJ;CA
YME;CA
YZ0;CA
CLP;CA
MH0;CA
YTH;CA
SW2;CN
TSN;CN
SHN;CN
TIS;CN
TAN;CN
SZU;CN
GUU;CN
LXN;CN
PYN;CN
PAJ;CN
BOZ;CN
CZH;CN
BDN;CN
CNA;CN
BTU;CN
AKG;CN
DSN;CN
MEH;CN
HNY;CN
QIA;CN
SHZ;CN
ZOM;MW
PDK;MY
CHE;MX
ZAC;MX
TPQ;MX
COR;MX
LEN;MX
TAX;MX
PC0;MX
GZG;MX
MEK;MA
HEH;MM
ALP;NL
GEA;NC
KO1;NO
ANX;NO
BTG;PH
WRO;PL
PL8;PL
EBC;DZ
ACD;BR
WZY;PL
PLZ;PL
PON;PR
CEK;RU
NYY;RU
CVE;RU
TKK;RU
SAK;RU
MJZ;RU
YSS;RU
MSS;RU
SCW;RU
IPE;ST
AJR;SA
ZLA;RS
SI5;SI
MRB;SI
MKW;ZA
WLK;ZA
QGZ;ES
SDR;ES
BG1;US
UC1;US
DEK;US
FTP;US
SEB;US
BV2;US
MD1;US
LEE;US
KBS;US
ISL;US
DEE;US
PAK;US
GB2;US
RTA;US
VDZ;US
GVY;US
RUD;US
PGA;US
FR7;US
FCS;US
CJT;US
SOO;US
AST;US
IXE;IN
NN3;IN
ZDM;IL
NCW;AU
OKI;JP
CIU;VE
UTK;GE
OBU;DZ
A1D;DZ
SKD;SE
ORB;SE
VG1;SE
NSG;SE
VVK;SE
SCY;CH
EOB;CH
DEZ;SY
XX3;TH
TO1;TN
YAV;TR
OXF;UK
GUI;UK
WIG;UK
LNC;UK
DA2;UK
LI5;US
LA0;US
CV6;US
DIK;US
MN1;US
HL1;US
EAR;US
OLM;US
RIV;US
ONO;US
MP1;US
ELC;US
BRK;US
WA3;US
MC2;US
KLS;US
RTZ;US
TRR;US
DRT;US
PRX;US
SEP;US
MFR;US
BZN;US
TCC;US
SL2;US
VE3;US
YR3;US
NED;US
HRL;US
ALA;US
PPF;US
TST;TH
OSC;SI
OBT;RO
UGA;UG
USB;ID
CY5;AU
IEP;BE
AT6;BR
MM3;BR
MNR;BR
SLB;UK
AYL;UK
CNT;UK
AUC;UK
PIC;UK
HAC;UK
PE2;UK
BEW;UK
ZEQ;UK
PO1;UK
CO2;UK
BUT;UK
DEC;US
PEO;US
HAI;US
DTW;US
MI5;US
RVE;US
HMT;US
WNB;US
HLG;US
STL;US
ROR;US
LU2;US
BIX;US
EA4;US
AUO;US
CHR;US
NO3;US
FSD;US
REF;US
MOK;US
OCL;US
SMO;US
ALI;US
VLY;US
ML3;US
PNP;US
CE5;US
GH1;US
MIY;JP
UTS;JP
QNI;CN
POG;BR
S1I;NL
ANM;CN
JIE;CN
NIE;VN
SCI;ZA
GUH;RO
GCR;AU
ZQN;NZ
TAE;KR
KK1;IN
ESV;GR
FNC;PT
AIU;CK
UCB;CU
ERB;IQ
IGR;TR
ZJI;CN
MTI;CO
AGC;CO
OÑA;CO
HOG;CU
PPS;CZ
PZE;CZ
HIL;DK
MTT;EC
UNI;SV
LAH;FI
TUR;FI
KMI;FI
THL;FR
RRA;FR
MUH;FR
ENT;FR
TES;FR
OR;FR
GWL;IN
0IN;IN
MDC;ID
ID5;ID
OSP;ID
SYZ;IR
CMO;IE
WEX;IE
AVL;IT
PRJ;IT
PSA;IT
OLZ;IT
ABA;IT
NDR;IT
HTI;IT
ISC;IT
CNV;IT
KTP;JM
TKS;JP
IBK;JP
UAG;UG
GBA;IQ
AOB;CN
RNE;US
HOA;US
NCY;FR
AC2;FR
SA0;CH
MMR;FR
SE1;FR
AU3;FR
BRH;DE
KIE;DE
LNE;DE
MHG;DE
ROT;DE
NET;DE
DAS;DE
GUM;GU
RCL;HU
SEF;IS
EGL;IS
DED;IN
IXU;IN
RO5;US
BL3;US
EA3;US
HI2;US
ME3;US
BN1;US
IVE;US
ELZ;US
BAB;US
TVC;US
BR8;US
OSH;US
NO6;US
BO6;US
INA;US
CKA;US
ELJ;US
WI3;US
AL8;US
GA2;US
BJI;US
NT2;US
CLV;US
RD1;US
TUP;US
SCR;US
COM;US
NEA;US
ALO;US
BM1;US
GR7;US
NTO;SE
CSL;BR
OUP;BR
DIV;BR
SZE;HU
RSC;AT
LJE;BR
CSN;EC
NIK;NL
ECS;IT
ESO;IT
LHS;SE
EKA;US
IRM;US
ENP;LT
CVL;RO
ETW;CA
RLV;NO
UAN;ID
RSI;PH
BMZ;PH
NEH;CN
EMS;GE
AHI;BR
DGB;GE
RBN;US
OAR;BR
LEP;BR
IMB;BR
ADI;BR
BBH;BR
GCE;BR
CRR;BR
SGO;BR
HMA;SY
MBT;EC
RCP;IT
TEZ;AT
KNL;AZ
AHO;US
PLC;US
1OM;NG
IEN;US
MAG;BW
AKO;TR
YLO;US
LNU;TW
NHS;CN
QRA;BO
IPA;BR
TDI;BR
SFU;BR
CSD;BR
HSI;IT
NRB;US
LSM;DE
TSM;AT
MZO;HU
NOI;US
ANO;US
TNM;US
VRC;US
OCS;US
EDW;US
ECI;US
BNK;US
YLC;US
AAM;NL
TZN;NL
DOE;NL
FNO;IT
VEK;DE
HCY;CN
SEM;GE
RHK;KH
RHC;CA
BGV;BR
FUA;NO
KMR;HU
EBO;AT
SFT;SY
NCS;LI
GNP;TW
ULO;US
ZND;CN
NRG;US
KLO;US
AOC;EC
RUA;AU
RPU;BA
NLO;UY
NES;CN
AUP;ID
LTI;US
BXE;CN
RBU;AT
PEH;BR
VGH;BR
RHB;AT
HCS;DE
YLA;IQ
BIU;BR
NCJ;CZ
REC;US
LHI;MX
NHZ;CN
OAT;BR
MTB;TR
LCW;US
EON;US
MPA;AR
BDI;TN
YAR;US
MZA;IR
JEI;CN
NMA;CN
ACW;US
ODT;CA
LRC;CA
OLA;BR
OAS;BR
LDO;MX
DSM;BR
GTI;BR
CDI;BR
LGX;BR
PTU;BR
BSQ;BR
SBL;BR
GPI;BR
ETE;BR
ALF;BR
AHR;AT
JFO;BR
ICE;CZ
RHA;IN
NDE;VN
RBD;US
PXU;MX
NUA;MM
MPN;BR
IRP;BR
NVH;BR
IGE;BR
NTR;BR
GSP;BR
MFA;BR
ERR;BR
CNI;BR
AEN;RO
PA;CY
TSL;UA
SBW;US
IRB;AU
HSD;CM
YUA;PH
BIG;US
HMG;TR
IJB;RS
BSU;IR
NGU;KR
DAH;CA
